,index,ADDRESS,LOCATION,POINT
0,0,469 FLATBUSH AVENUE BROOKLYN NY 11225,"469, Flatbush Avenue, Flatbush, BK, Kings County, NYC, New York, 11225, USA","(40.66293035, -73.9617257983564, 0.0)"
1,1,7114 AVENUE U BROOKLYN NY 11234,"Wilkens Fine Foods, 7114, Avenue U, Bergen Beach, Kings County, NYC, New York, 11234, USA","(40.619892, -73.9068502510335, 0.0)"
2,2,1310 SURF AVENUE BROOKLYN NY 11224,"Nathan's Famous, 1310, Surf Avenue, West Brighton, Kings County, NYC, New York, 11224, USA","(40.57530105, -73.9814687031484, 0.0)"
3,3,18 WEST HOUSTON STREET MANHATTAN NY 10012,"18, West Houston Street, NoHo, Manhattan, Manhattan Community Board 2, New York County, NYC, New York, 10012, USA","(40.7257247, -73.9970561, 0.0)"
4,5,60 WALL STREET MANHATTAN NY 10005,"60 Wall Street, 60, Wall Street, Financial District, Manhattan, Manhattan Community Board 1, New York County, NYC, New York, 10005, USA","(40.70617305, -74.0085161961879, 0.0)"
5,6,2491 VICTORY BOULEVARD STATEN ISLAND NY 10314,"2491, Victory Boulevard, Willowbrook, Staten Island, Todt Hill, Richmond County, NYC, New York, 10314, USA","(40.6104854444444, -74.1457322222222, 0.0)"
6,7,203 GIFFORDS LANE STATEN ISLAND NY 10308,"203, Giffords Lane, Great Kills, Staten Island, Richmond County, NYC, New York, 10308, USA","(40.5564115, -74.1525006, 0.0)"
7,9,657 FAIRVIEW AVENUE QUEENS NY 11385,"Gottscheer Hall, 657, Fairview Avenue, Ridgewood, Queens County, NYC, New York, 11385, USA","(40.7068011, -73.9056815, 0.0)"
8,10,845 LEXINGTON AVENUE MANHATTAN NY 10065,"845, Lexington Avenue, Lenox Hill, Manhattan, Manhattan Community Board 8, New York County, NYC, New York, 10065, USA","(40.7654236, -73.9655296, 0.0)"
9,12,386 FLATBUSH AVENUE EXTENSION BROOKLYN NY 11201,"Junior's, 386, Flatbush Avenue Extension, Downtown Brooklyn, Kings County, NYC, New York, 11201, USA","(40.69014545, -73.9819885895384, 0.0)"
10,15,3013 STEINWAY STREET QUEENS NY 11103,"Steinway Street, Sunnyside Gardens, Queens County, NYC, New York, NY 11106, USA","(40.7552273, -73.922067, 0.0)"
11,16,4035 BROADWAY MANHATTAN NY 10032,"4035, Broadway, Washington Heights, Manhattan, Manhattan Community Board 12, New York County, NYC, New York, 10032, USA","(40.8420958, -73.9394768, 0.0)"
12,17,15 WEST   43 STREET MANHATTAN NY 10036,"15, Osiedle Manhattan, Trzemeszno, gmina Trzemeszno, powiat gnieźnieński, wielkopolskie, 62-240, RP","(52.5672922, 17.8391569, 0.0)"
13,19,1024 AMSTERDAM AVENUE MANHATTAN NY 10025,"V&T Pizzeria, 1024, Amsterdam Avenue, Morningside Heights, Manhattan, Manhattan Community Board 9, New York County, NYC, New York, 10025, USA","(40.80335, -73.9638207, 0.0)"
14,23,10701 CORONA AVENUE QUEENS NY 11368,"Corona Avenue, Elmhurst, Queens County, NYC, New York, 11368, USA","(40.7405408, -73.8763554, 0.0)"
15,24,26 PELL STREET MANHATTAN NY 10013,"Mee Sum Cafe, 26, Pell Street, Five Points, Chinatown, Manhattan, Manhattan Community Board 3, New York County, NYC, New York, 10013, USA","(40.7149276, -73.9983164, 0.0)"
16,25,14609 JAMAICA AVENUE QUEENS NY 11435,"Jamaica Avenue, Richmond Hill, Queens County, NYC, New York, 11435, USA","(40.702358, -73.818749, 0.0)"
17,26,16304 JAMAICA AVENUE QUEENS NY 11432,"Jamaica Avenue, Jamaica, Queens, Queens County, NYC, New York, 11208, USA","(40.7017926, -73.8085517, 0.0)"
18,27,416 5 AVENUE BROOKLYN NY 11215,"416, Avenue Y, Gravesend, Kings County, NYC, New York, 11223, USA","(40.5882651818182, -73.9705206363636, 0.0)"
19,28,524 PORT RICHMOND AVENUE STATEN ISLAND NY 10302,"524, Port Richmond Avenue, Port Richmond, Staten Island, Richmond County, NYC, New York, 10302, USA","(40.63016765, -74.1403509488449, 0.0)"
20,29,1611 AVENUE U BROOKLYN NY 11229,"1611, Avenue U, Gravesend, Kings County, NYC, New York, 11229, USA","(40.59928195, -73.9550850162613, 0.0)"
21,30,433 PARK AVENUE SOUTH MANHATTAN NY 10016,"433, Park Avenue South, Rose Hill, Manhattan, Manhattan Community Board 5, New York County, NYC, New York, 10016, USA","(40.7441367, -73.9830656459822, 0.0)"
22,31,6828 MAIN STREET QUEENS NY 11367,"Main Street, Kew Gardens, Queens, Queens County, NYC, New York, 11367, USA","(40.7320656, -73.8245906, 0.0)"
23,32,2901 EMMONS AVENUE BROOKLYN NY 11235,"Roll-N-Roaster, 2901, Emmons Avenue, Sheepshead Bay, Kings County, NYC, New York, 11235, USA","(40.5841462, -73.939641775864, 0.0)"
24,33,3432 NOSTRAND AVENUE BROOKLYN NY 11229,"3432, Nostrand Avenue, Sheepshead Bay Houses, Kings County, NYC, New York, 11229, USA","(40.5996008421053, -73.9418387368421, 0.0)"
25,34,5820 BROADWAY BRONX NY 10463,"5820, Broadway, Kingsbridge, The Bronx, Bronx County, NYC, New York, 10463, USA","(40.885148, -73.90032475, 0.0)"
26,36,11 TRINITY PLACE MANHATTAN NY 10006,"Blarney Stone, 11, Trinity Place, Financial District, Manhattan, Manhattan Community Board 1, New York County, NYC, New York, 10006, USA","(40.7065551, -74.0136373, 0.0)"
27,37,8769 SUTPHIN BOULEVARD QUEENS NY 11435,"Sutphin Boulevard, Jamaica, Queens County, NYC, New York, 11434, USA","(40.698408, -73.806466, 0.0)"
28,38,1191 CASTLE HILL AVENUE BRONX NY 10462,"1191, Castle Hill Avenue, Unionport, The Bronx, Bronx County, NYC, New York, 10462, USA","(40.831799, -73.85121, 0.0)"
29,40,363 WEST BROADWAY MANHATTAN NY 10013,"West Broadway, TriBeCa, Manhattan, Manhattan Community Board 1, New York County, NYC, New York, 10012, USA","(40.7205041, -74.0053416, 0.0)"
30,44,180 CENTRAL PARK SOUTH MANHATTAN NY 10019,"New York Athletic Club, 180, Central Park South, Columbus Circle, Manhattan, Manhattan Community Board 5, New York County, NYC, New York, 10019, USA","(40.76636125, -73.9790106390132, 0.0)"
31,45,1372 BROADWAY MANHATTAN NY 10018,"1372, Broadway, Times Square, Manhattan, Manhattan Community Board 5, New York County, NYC, New York, 10018, USA","(40.7523476, -73.9872394, 0.0)"
32,46,4933 BROADWAY MANHATTAN NY 10034,"4933, Broadway, Inwood, Manhattan, Manhattan Community Board 12, New York County, NYC, New York, 10034, USA","(40.8676771, -73.9217283, 0.0)"
33,48,16103 CROSSBAY BOULEVARD QUEENS NY 11414,"Crossbay Boulevard, Ozone Park, Queens County, NYC, New York, 11417, USA","(40.679922, -73.8447425, 0.0)"
34,49,2080 BROADWAY MANHATTAN NY 10023,"2080, Broadway, Upper West Side, Manhattan, Manhattan Community Board 7, New York County, NYC, New York, 10023, USA","(40.7783061, -73.9816331, 0.0)"
35,50,1900 BROADWAY MANHATTAN NY 10023,"Bar Boulud, 1900, Broadway, Lincoln Square, Manhattan, Manhattan Community Board 7, New York County, NYC, New York, 10023, USA","(40.7719194, -73.9818733, 0.0)"
36,51,3027 STRATTON STREET QUEENS NY 11354,"Stratton Street, Linden Hill, Queens, Queens County, NYC, New York, 11354, USA","(40.7689264, -73.834325, 0.0)"
37,55,123 MULBERRY STREET MANHATTAN NY 10013,"123, Mulberry Street, Five Points, Little Italy, Manhattan, Manhattan Community Board 2, New York County, NYC, New York, 10013, USA","(40.7179401, -73.9981835, 0.0)"
38,56,180 PRINCE STREET MANHATTAN NY 10012,"Raoul's, 180, Prince Street, SoHo, Manhattan, Manhattan Community Board 2, New York County, NYC, New York, 10012, USA","(40.7262443, -74.002053, 0.0)"
39,57,18925 UNION TURNPIKE QUEENS NY 11366,"Union Turnpike, Utopia, Queens, Queens County, NYC, New York, 11366, USA","(40.7249266, -73.7941972, 0.0)"
40,59,7147 KISSENA BOULEVARD QUEENS NY 11367,"Kissena Boulevard, Queens, Queens County, NYC, New York, 11367, USA","(40.7287631, -73.8152545, 0.0)"
41,63,33 UNIVERSITY PLACE MANHATTAN NY 10003,"Knickerbocker Bar & Grill, 33, University Place, Washington Square Village, Greenwich Village, Manhattan, Manhattan Community Board 2, New York County, NYC, New York, 10003, USA","(40.7319768, -73.9942396, 0.0)"
42,64,126 CHAMBERS STREET MANHATTAN NY 10007,"Mudville 9, 126, Chambers Street, TriBeCa, Manhattan, Manhattan Community Board 1, New York County, NYC, New York, 10007, USA","(40.7152236, -74.0088979, 0.0)"
43,65,846 EMPIRE BOULEVARD BROOKLYN NY 11213,"846, Empire Boulevard, Eastern Parkway, BK, Kings County, NYC, New York, 11213, USA","(40.6635790285714, -73.9354677714286, 0.0)"
44,66,151 UNION STREET BROOKLYN NY 11231,"151, Union Street, Columbia Street Waterfront District, Kings County, NYC, New York, 11231, USA","(40.6842145, -74.0018451722686, 0.0)"
45,67,359 WEST BROADWAY MANHATTAN NY 10013,"359, West Broadway, SoHo, Manhattan, Manhattan Community Board 2, New York County, NYC, New York, 10013, USA","(40.7230088, -74.0030657, 0.0)"
46,68,701 UTICA AVENUE BROOKLYN NY 11203,"701, Utica Avenue, Brooklyn Community Board 17 Neighborhoods, BK, Kings County, NYC, New York, 11203, USA","(40.656225826087, -73.9307535652174, 0.0)"
47,69,6132 SPRINGFIELD BOULEVARD QUEENS NY 11364,"Springfield Boulevard, Oakland Gardens, Queens, Queens County, NYC, New York, 11364, USA","(40.7521241, -73.7589702, 0.0)"
48,70,1134 MADISON AVENUE MANHATTAN NY 10028,"1134, Madison Avenue, Upper East Side, Manhattan, Manhattan Community Board 8, New York County, NYC, New York, 10028, USA","(40.7798352, -73.9598595342002, 0.0)"
49,71,8318 PARSONS BOULEVARD QUEENS NY 11432,"Parsons Boulevard, Jamaica, Queens, Queens County, NYC, New York, 11432, USA","(40.706515, -73.8020928, 0.0)"
50,72,32 WITHERS ST BROOKLYN NY 11211,"Bamonte's, 32, Withers Street, Williamsburg, Kings County, NYC, New York, 11211, USA","(40.7166443, -73.9512196, 0.0)"
51,74,960 MADISON AVENUE MANHATTAN NY 10021,"3 Guys Restaurant, 960, Madison Avenue, Upper East Side, Manhattan, Manhattan Community Board 8, New York County, NYC, New York, 10021, USA","(40.7739694, -73.9636633, 0.0)"
52,75,16 GRAMERCY PARK SOUTH MANHATTAN NY 10003,"16, Gramercy Park South, Gramercy, Manhattan, Manhattan Community Board 6, New York County, NYC, New York, 10003, USA","(40.7377232, -73.9865925, 0.0)"
53,76,24904 HORACE HARDING BOULEVARD QUEENS NY 11362,"Horace Harding Boulevard, University Gardens, Nassau County, NYC, New York, 11020, USA","(40.768153, -73.721952, 0.0)"
54,77,16011 WILLETS POINT BOULEVARD QUEENS NY 11357,"Willets Point Boulevard, Beechhurst, Queens, Queens County, NYC, New York, 11357, USA","(40.779726, -73.803514, 0.0)"
55,78,25810 HILLSIDE AVENUE QUEENS NY 11004,"Hillside Avenue, Glen Oaks, Queens County, NYC, New York, 11040, USA","(40.7379997, -73.7052196, 0.0)"
56,79,1701 FOSTER AVENUE BROOKLYN NY 11230,"1701, Foster Avenue, Kensington, BK, Kings County, NYC, New York, 11226, USA","(40.6351456, -73.9611724, 0.0)"
57,80,25509 NORTHERN BOULEVARD QUEENS NY 11362,"Northern Boulevard, Douglaston, Queens, Queens County, NYC, New York, 11362, USA","(40.7636245, -73.7507934, 0.0)"
58,81,500 GRAND STREET MANHATTAN NY 10002,"East Side Glatt, 500, Grand Street, Lower East Side, Manhattan, Manhattan Community Board 3, New York County, NYC, New York, 10002, USA","(40.714915, -73.9826397, 0.0)"
59,82,19652 NORTHERN BLVD QUEENS NY 11358,"Northern Boulevard, Murray Hill, Queens, Queens County, NYC, New York, 11362, USA","(40.7577494, -73.7943852, 0.0)"
60,83,3660 EAST TREMONT AVENUE BRONX NY 10465,"3660, East Tremont Avenue, Schuylerville, The Bronx, Bronx County, NYC, New York, 10465, USA","(40.82758905, -73.8236384036476, 0.0)"
61,84,1133 LEXINGTON AVENUE MANHATTAN NY 10075,"1133, Lexington Avenue, Upper East Side, Manhattan, Manhattan Community Board 8, New York County, NYC, New York, 10075, USA","(40.7745571, -73.9588889473031, 0.0)"
62,86,15405 ROCKAWAY BOULEVARD QUEENS NY 11434,"Rockaway Boulevard, Rochdale Village, Queens County, NYC, New York, 11434, USA","(40.6688779, -73.7819417, 0.0)"
63,87,370 PARK AVENUE MANHATTAN NY 10022,"Racquet and Tennis Club, 370, Park Avenue, Midtown East, Manhattan, Manhattan Community Board 5, New York County, NYC, New York, 10022, USA","(40.7589209, -73.9732006086395, 0.0)"
64,89,3281 RICHMOND AVENUE STATEN ISLAND NY 10312,"Richmond Avenue, Greenridge, Staten Island, Richmond County, NYC, New York, 10312, USA","(40.5728092, -74.1700944, 0.0)"
65,92,5655 BROADWAY BRONX NY 10463,"5655, Broadway, Kingsbridge, The Bronx, Bronx County, NYC, New York, 10463, USA","(40.8803571, -73.9040116, 0.0)"
66,95,7269 KISSENA BOULEVARD QUEENS NY 11367,"Kissena Boulevard, Queens, Queens County, NYC, New York, 11367, USA","(40.7287631, -73.8152545, 0.0)"
67,96,9402 SUTPHIN BOULEVARD QUEENS NY 11435,"Sutphin Boulevard, Jamaica, Queens County, NYC, New York, 11434, USA","(40.698408, -73.806466, 0.0)"
68,98,9615 LIBERTY AVENUE QUEENS NY 11417,"Liberty Avenue, Jamaica, Queens County, NYC, New York, 11435, USA","(40.6920213, -73.8103611, 0.0)"
69,101,500 FOREST AVENUE STATEN ISLAND NY 10310,"500, Forest Avenue, West New Brighton, Todt Hill, Richmond County, NYC, New York, 10310, USA","(40.63025985, -74.106920169236, 0.0)"
70,103,345 COURT STREET BROOKLYN NY 11231,"Marco Polo Ristorante, 345, Court Street, Carroll Gardens, Kings County, NYC, New York, 11231, USA","(40.6822387, -73.9957888, 0.0)"
71,105,703 MINNIEFORD AVE BRONX NY 10464,"703, Minnieford Avenue, City Island, Bronx County, NYC, New York, 10464, USA","(40.8569208, -73.7905705818182, 0.0)"
72,106,749 LYDIG AVENUE BRONX NY 10462,"John & Joe's Pizzeria, 749, Lydig Avenue, Bronxdale, The Bronx, Bronx County, NYC, New York, 10462, USA","(40.854565, -73.8658984, 0.0)"
73,107,645 ROSSVILLE AVENUE STATEN ISLAND NY 10309,"Islander Taste Chinese Restaurant, 645, Rossville Avenue, Rossville, Richmond County, NYC, New York, 10309, USA","(40.5427957, -74.2077287, 0.0)"
74,108,7002 COOPER AVENUE QUEENS NY 11385,"Cooper Avenue, Glendale, Queens County, NYC, New York, 11385, USA","(40.7060227, -73.8761782, 0.0)"
75,110,22813 MERRICK BOULEVARD QUEENS NY 11413,"Merrick Boulevard, Springfield Gardens, Queens County, NYC, New York, 11422, USA","(40.6786458, -73.7482529, 0.0)"
76,113,15367 HORACE HARDING EXPRESSWAY QUEENS NY 11367,"Horace Harding Expressway, Queens, Queens County, NYC, New York, 11367, USA","(40.7425416, -73.8369977, 0.0)"
77,114,2664 BROADWAY MANHATTAN NY 10025,"2664, Broadway, Manhattan Valley, Manhattan, Manhattan Community Board 7, New York County, NYC, New York, 10025, USA","(40.7979149, -73.9690849, 0.0)"
78,115,6121 FRESH POND ROAD QUEENS NY 11379,"Fresh Pond Rd, Queens County, NYC, New York, USA","(40.70657435, -73.8969623355457, 0.0)"
79,116,6967 GRAND AVENUE QUEENS NY 11378,"Grand Avenue, Maspeth, Queens County, NYC, New York, 11378, USA","(40.7227415, -73.901653, 0.0)"
80,117,97 MACDOUGAL STREET MANHATTAN NY 10012,"97, MacDougal Street, University Village, Greenwich Village, Manhattan, Manhattan Community Board 2, New York County, NYC, New York, 10012, USA","(40.72957275, -74.0010778984055, 0.0)"
81,118,120 CEDAR STREET MANHATTAN NY 10006,"Valley National Bank, 120, Cedar Street, Financial District, Manhattan, Manhattan Community Board 1, New York County, NYC, New York, 10006, USA","(40.708115, -74.0100575, 0.0)"
82,119,1064 MADISON AVENUE MANHATTAN NY 10028,"1064, Madison Avenue, Upper East Side, Manhattan, Manhattan Community Board 8, New York County, NYC, New York, 10028, USA","(40.777366, -73.9616538498499, 0.0)"
83,121,7402 METROPOLITAN AVENUE QUEENS NY 11379,"Metropolitan Avenue, Middle Village, Queens County, NYC, New York, 11379, USA","(40.7133425, -73.8696292, 0.0)"
84,122,147 BLEECKER STREET MANHATTAN NY 10012,"The Bitter End, 147, Bleecker Street, NoHo Historic District, NoHo, Manhattan, Manhattan Community Board 2, New York County, NYC, New York, 10012, USA","(40.7283337, -73.9992168, 0.0)"
85,124,73 ATLANTIC AVENUE BROOKLYN NY 11201,"73, Atlantic Avenue, Cobble Hill, Kings County, NYC, New York, 11201, USA","(40.6914648, -73.9978844950832, 0.0)"
86,125,6568 MYRTLE AVENUE QUEENS NY 11385,"Myrtle Avenue, Woodhaven, Queens County, NYC, New York, 11418, USA","(40.70297, -73.868243, 0.0)"
87,126,1320 SURF AVENUE BROOKLYN NY 11224,"1320, Surf Avenue, Coney Island, Kings County, NYC, New York, 11224, USA","(40.57531445, -73.9820184836836, 0.0)"
88,128,650 FOREST AVENUE STATEN ISLAND NY 10310,"650, Forest Avenue, West New Brighton, Todt Hill, Richmond County, NYC, New York, 10310, USA","(40.6296506, -74.110793, 0.0)"
89,131,11718 QUEENS BOULEVARD QUEENS NY 11375,"Queens Boulevard, Parkside, Queens County, NYC, New York, 11375, USA","(40.7263151, -73.8522248, 0.0)"
90,133,69 NEW STREET MANHATTAN NY 10004,"The Grotto, 69, New Street, Financial District, Manhattan, Manhattan Community Board 1, New York County, NYC, New York, 10004, USA","(40.7057076, -74.0123841, 0.0)"
91,134,2073 FOREST AVENUE STATEN ISLAND NY 10303,"2073, Forest Avenue, Arlington, Staten Island, Richmond County, NYC, New York, 10303, USA","(40.626365, -74.1583196666667, 0.0)"
92,135,5977 BROADWAY BRONX NY 10471,"Broadway, Fieldston, Bronx County, NYC, New York, 10471, USA","(40.892084, -73.8971095, 0.0)"
93,136,5729 MAIN STREET QUEENS NY 11355,"Main Street, Queens, Queens County, NYC, New York, 11355, USA","(40.7410734, -73.8251109, 0.0)"
94,138,77 IRVING PLACE MANHATTAN NY 10003,"Friend of a Farmer, 77, Irving Place, Gramercy, Manhattan, Manhattan Community Board 5, New York County, NYC, New York, 10003, USA","(40.7369497, -73.986783, 0.0)"
95,140,2169 STEINWAY STREET QUEENS NY 11105,"Steinway Street, Steinway, Queens County, NYC, New York, 11105, USA","(40.7693724, -73.9103133, 0.0)"
96,143,200 5 AVENUE BROOKLYN NY 11217,"200, Avenue Y, Gravesend, Kings County, NYC, New York, 11223, USA","(40.5879547624309, -73.9733614143646, 0.0)"
97,145,17101 NORTHERN BOULEVARD QUEENS NY 11358,"Northern Boulevard, Murray Hill, Queens, Queens County, NYC, New York, 11362, USA","(40.7577494, -73.7943852, 0.0)"
98,146,378 8 AVENUE MANHATTAN NY 10001,"Manhattan, New York County, NYC, New York, USA","(40.7900869, -73.9598295, 0.0)"
99,148,921 RICHMOND AVENUE STATEN ISLAND NY 10314,"921, Richmond Avenue, Graniteville, Staten Island, Richmond County, NYC, New York, 10314, USA","(40.62476725, -74.1485608013917, 0.0)"
100,150,3946 SKILLMAN AVENUE QUEENS NY 11104,"Skillman Avenue, Sunnyside Gardens, Queens County, NYC, New York, 11104, USA","(40.746891, -73.920798, 0.0)"
101,153,2020 BROADWAY MANHATTAN NY 10023,"Westside Restaurant, 2020, Broadway, Lincoln Square, Manhattan, Manhattan Community Board 7, New York County, NYC, New York, 10023, USA","(40.776403, -73.9818396, 0.0)"
102,154,2671 BROADWAY MANHATTAN NY 10025,"Sal & Carmine Pizza, 2671, Broadway, Manhattan Valley, Manhattan, Manhattan Community Board 7, New York County, NYC, New York, 10025, USA","(40.7983425, -73.9694321, 0.0)"
103,155,21317 NORTHERN BOULEVARD QUEENS NY 11361,"Northern Boulevard, Oakland Gardens, Queens, Queens County, NYC, New York, 11362, USA","(40.7607424, -73.7660435, 0.0)"
104,156,5024 SKILLMAN AVENUE QUEENS NY 11377,"Skillman Avenue, Woodside, Queens County, NYC, New York, 11377, USA","(40.745671, -73.910354, 0.0)"
105,159,110 AVENUE OF THE AMERICAS MANHATTAN NY 10013,"110, 6th Avenue, SoHo, Manhattan, Manhattan Community Board 2, New York County, NYC, New York, 10013, USA","(40.72372, -74.004637, 0.0)"
106,160,8707 ROOSEVELT AVENUE QUEENS NY 11372,"Roosevelt Avenue, Jackson Heights, Queens County, NYC, New York, 11372, USA","(40.7468181, -73.8917049, 0.0)"
107,162,280 WATCHOGUE ROAD STATEN ISLAND NY 10314,"280, Watchogue Road, Westerleigh, Staten Island, Todt Hill, Richmond County, NYC, New York, 10314, USA","(40.6160666, -74.1386744, 0.0)"
108,163,145 BLEECKER STREET MANHATTAN NY 10012,"Peculier Pub, 145, Bleecker Street, NoHo Historic District, NoHo, Manhattan, Manhattan Community Board 2, New York County, NYC, New York, 10012, USA","(40.7283007, -73.9991218, 0.0)"
109,164,5189A BROADWAY BRONX NY 10463,"5189, Broadway, Kingsbridge, The Bronx, Bronx County, NYC, New York, 10463, USA","(40.8772997663551, -73.9060593738318, 0.0)"
110,166,4307 18 AVENUE BROOKLYN NY 11218,"Avenue Y, Sheepshead Bay, Kings County, NYC, New York, 11235, USA","(40.592119, -73.9362774, 0.0)"
111,167,614 9 AVENUE MANHATTAN NY 10036,"Manhattan, New York County, NYC, New York, USA","(40.7900869, -73.9598295, 0.0)"
112,169,1665 METROPOLITAN AVENUE BRONX NY 10462,"1665, Metropolitan Avenue, Parkchester, The Bronx, Bronx County, NYC, New York, 10462, USA","(40.84061725, -73.85489835, 0.0)"
113,171,152 LAWRENCE STREET BROOKLYN NY 11201,"152, Lawrence Street, Downtown Brooklyn, Kings County, NYC, New York, 11201, USA","(40.6917729428571, -73.9861854428571, 0.0)"
114,172,1090 MADISON AVENUE MANHATTAN NY 10028,"1090, Madison Avenue, Upper East Side, Manhattan, Manhattan Community Board 8, New York County, NYC, New York, 10028, USA","(40.7781891, -73.9609357, 0.0)"
115,173,2214 BARTOW AVE BRONX NY 10475,"2214, Bartow Avenue, Co-Op City, Bronx County, NYC, New York, 10475, USA","(40.8691473245422, -73.82478150636, 0.0)"
116,175,945 PENNSYLVANIA AVENUE BROOKLYN NY 11207,"945, Pennsylvania Avenue, East New York, Kings County, NYC, New York, 11207, USA","(40.6551407241379, -73.8879290689655, 0.0)"
117,177,2880 BROADWAY MANHATTAN NY 10025,"Tom's Restaurant, 2880, Broadway, Morningside Heights, Manhattan, Manhattan Community Board 9, New York County, NYC, New York, 10025, USA","(40.8054303, -73.9654035, 0.0)"
118,178,84 COURT STREET BROOKLYN NY 11201,"84, Court Street, Brooklyn Heights, Kings County, NYC, New York, 11201, USA","(40.6913535, -73.9918870746247, 0.0)"
119,179,51 SPRING STREET MANHATTAN NY 10012,"51, Spring Street, Little Italy, Manhattan, Manhattan Community Board 2, New York County, NYC, New York, 10012, USA","(40.7221019, -73.9964217, 0.0)"
120,180,7205 AUSTIN STREET QUEENS NY 11375,"Austin Street, Kew Gardens, Queens County, NYC, New York, 11375, USA","(40.717803, -73.839558, 0.0)"
121,181,1345 AMSTERDAM AVENUE MANHATTAN NY 10027,"1345, Amsterdam Avenue, Manhattanville, Manhattan, Manhattan Community Board 9, New York County, NYC, New York, 10027, USA","(40.81353385, -73.9558753772281, 0.0)"
122,182,26 VESEY STREET MANHATTAN NY 10007,"26, Vesey Street, Financial District, Manhattan, Manhattan Community Board 1, New York County, NYC, New York, 10007, USA","(40.7120967, -74.0097029477332, 0.0)"
123,183,463 MYRTLE AVENUE BROOKLYN NY 11205,"463, Myrtle Avenue, Fort Greene, BK, Kings County, NYC, New York, 11205, USA","(40.69354475, -73.9667381975942, 0.0)"
124,185,336 LEXINGTON AVENUE MANHATTAN NY 10016,"336, Lexington Avenue, Murray Hill, Manhattan, Manhattan Community Board 5, New York County, NYC, New York, 10016, USA","(40.7497825, -73.97756285, 0.0)"
125,186,87 STUYVESANT PLACE STATEN ISLAND NY 10301,"87, Stuyvesant Place, Saint George, Richmond County, NYC, New York, 10301, USA","(40.6440066, -74.0776034, 0.0)"
126,189,8802 LITTLE NECK PARKWAY QUEENS NY 11001,"Little Neck Parkway, Floral Park, Queens County, NYC, New York, 11001, USA","(40.7272142, -73.710252, 0.0)"
127,190,15 BEEKMAN STREET MANHATTAN NY 10038,"Vanderbilt Building, 15, Beekman Street, Financial District, Manhattan, Manhattan Community Board 1, New York County, NYC, New York, 10038, USA","(40.71084085, -74.0064648210099, 0.0)"
128,192,501 LEXINGTON AVENUE MANHATTAN NY 10017,"501, Lexington Avenue, Midtown East, Manhattan, Manhattan Community Board 6, New York County, NYC, New York, 10017, USA","(40.7547564, -73.973463, 0.0)"
129,193,25402 ROCKAWAY BOULEVARD QUEENS NY 11422,"Rockaway Boulevard, Laurelton, Bayswater, Queens County, NYC, New York, 11422:11434, USA","(40.6561869, -73.7672496, 0.0)"
130,195,4018 MAIN STREET QUEENS NY 11354,"Main Street, Linden Hill, Queens, Queens County, NYC, New York, 11354, USA","(40.7629068, -73.8319907, 0.0)"
131,196,537 PARK AVENUE BROOKLYN NY 11205,"537, Park Avenue, Marcy Houses, BK, Kings County, NYC, New York, 11205, USA","(40.6970881, -73.9548986, 0.0)"
132,197,1919 HYLAN BOULEVARD STATEN ISLAND NY 10305,"1919, Hylan Boulevard, Dongan Hills, Todt Hill, Richmond County, NYC, New York, 10305, USA","(40.5828716, -74.0967526, 0.0)"
133,198,2788 BROADWAY MANHATTAN NY 10025,"Absolute Bagels, 2788, Broadway, Manhattan Valley, Manhattan, Manhattan Community Board 7, New York County, NYC, New York, 10025, USA","(40.8024597, -73.9673698441467, 0.0)"
134,201,8777 PARSONS BOULEVARD QUEENS NY 11432,"Parsons Boulevard, Jamaica, Queens, Queens County, NYC, New York, 11432, USA","(40.706515, -73.8020928, 0.0)"
135,204,7112 AVENUE U BROOKLYN NY 11234,"Bergen Beach Cafe, 7112, Avenue U, Bergen Beach, Kings County, NYC, New York, 11234, USA","(40.6198614, -73.9069068271907, 0.0)"
136,205,7811 ROOSEVELT AVENUE QUEENS NY 11372,"Roosevelt Avenue, Jackson Heights, Queens County, NYC, New York, 11372, USA","(40.7468181, -73.8917049, 0.0)"
137,207,130 MADISON AVENUE MANHATTAN NY 10016,"130, Madison Avenue, Rose Hill, Manhattan, Manhattan Community Board 5, New York County, NYC, New York, 10016, USA","(40.7457947, -73.9847456163167, 0.0)"
138,210,95 CHURCH AVENUE BROOKLYN NY 11218,"Faros, 95, Church Avenue, Parkville, BK, Kings County, NYC, New York, 11218, USA","(40.6427938, -73.979792, 0.0)"
139,213,8401 NORTHERN BOULEVARD QUEENS NY 11372,"Northern Boulevard, Jackson Heights, Queens County, NYC, New York, 11372, USA","(40.755392, -73.887523, 0.0)"
140,215,5615 MYRTLE AVENUE QUEENS NY 11385,"Myrtle Avenue, Woodhaven, Queens County, NYC, New York, 11418, USA","(40.70297, -73.868243, 0.0)"
141,216,8535 GRAND AVENUE QUEENS NY 11373,"8535, Grand Avenue, Elmhurst, Queens County, NYC, New York, 11373, USA","(40.7355087142857, -73.8813661020408, 0.0)"
142,217,4220 QUENTIN ROAD BROOKLYN NY 11234,"4220, Quentin Road, Flatlands, BK, Kings County, NYC, New York, 11234, USA","(40.6176568, -73.9318921, 0.0)"
143,218,3033 TIBBETT AVE BRONX NY 10463,"3033, Tibbett Avenue, Kingsbridge, Bronx County, NYC, New York, 10463, USA","(40.8800241428571, -73.9093137142857, 0.0)"
144,219,17528 HILLSIDE AVENUE QUEENS NY 11432,"Hillside Avenue, Hillside, Queens, Queens County, NYC, New York, 11432, USA","(40.7122519, -73.7885302, 0.0)"
145,220,1416 AVENUE J BROOKLYN NY 11230,"1416, Avenue J, Midwood, BK, Kings County, NYC, New York, 11230, USA","(40.6250149, -73.9618354, 0.0)"
146,221,3814 BROADWAY QUEENS NY 11103,"Broadway, Astoria, Queens County, NYC, New York, 11373, USA","(40.7620509, -73.9255515, 0.0)"
147,222,733 2 AVENUE MANHATTAN NY 10016,"Manhattan, New York County, NYC, New York, USA","(40.7900869, -73.9598295, 0.0)"
148,223,22205 JAMAICA AVENUE QUEENS NY 11428,"Jamaica Avenue, Queens Village, Queens County, NYC, New York, 11428, USA","(40.7228607, -73.7290154, 0.0)"
149,224,26521 UNION TURNPIKE QUEENS NY 11040,"Union Turnpike, Glen Oaks, Queens County, NYC, New York, 11004, USA","(40.7423913, -73.722172, 0.0)"
150,225,8605 ROCKAWAY BEACH BOULEVARD QUEENS NY 11693,"Rockaway Beach Boulevard, Seaside, Queens County, NYC, New York, 11693, USA","(40.5829376, -73.8261555, 0.0)"
151,228,4202 WHITE PLAINS ROAD BRONX NY 10466,"4202, White Plains Road, Wakefield, The Bronx, Bronx County, NYC, New York, 10466, USA","(40.8937697, -73.8569577, 0.0)"
152,229,627 9 AVENUE MANHATTAN NY 10036,"Manhattan, New York County, NYC, New York, USA","(40.7900869, -73.9598295, 0.0)"
153,230,8270 AUSTIN STREET QUEENS NY 11415,"Austin Street, Kew Gardens, Queens County, NYC, New York, 11415, USA","(40.709889, -73.830295, 0.0)"
154,232,16150 CROSSBAY BOULEVARD QUEENS NY 11414,"Crossbay Boulevard, Ozone Park, Queens County, NYC, New York, 11417, USA","(40.679922, -73.8447425, 0.0)"
155,234,27120 UNION TURNPIKE QUEENS NY 11040,"Union Turnpike, Glen Oaks, Queens County, NYC, New York, 11004, USA","(40.7423913, -73.722172, 0.0)"
156,235,10748 QUEENS BOULEVARD QUEENS NY 11375,"Queens Boulevard, Parkside, Queens County, NYC, New York, 11375, USA","(40.7263151, -73.8522248, 0.0)"
157,236,4504 PARSONS BOULEVARD QUEENS NY 11355,"Parsons Boulevard, Murray Hill, Queens, Queens County, NYC, New York, 11355, USA","(40.7570372, -73.8178173, 0.0)"
158,237,7121 FT HAMILTON PARKWAY BROOKLYN NY 11228,"7121, Fort Hamilton Parkway, Dyker Heights, Kings County, NYC, New York, 11228, USA","(40.627182, -74.0138455370459, 0.0)"
159,239,8122 BAXTER AVENUE QUEENS NY 11373,"Baxter Avenue, Jackson Heights, Queens County, NYC, New York, 11373, USA","(40.747778, -73.882569, 0.0)"
160,240,365 SMITH STREET BROOKLYN NY 11231,"Frank's, 365, Smith Street, Boerum Hill, Kings County, NYC, New York, 11231, USA","(40.6791753, -73.9954338, 0.0)"
161,241,8307 BROADWAY QUEENS NY 11373,"Broadway, Astoria, Queens County, NYC, New York, 11373, USA","(40.767578, -73.935949, 0.0)"
162,243,150 SMITH STREET BROOKLYN NY 11201,"150, Smith Street, Boerum Hill, Kings County, NYC, New York, 11201, USA","(40.6866428, -73.9907975459243, 0.0)"
163,244,2807 NOSTRAND AVENUE BROOKLYN NY 11229,"2807, Nostrand Avenue, Flatlands, BK, Kings County, NYC, New York, 11229, USA","(40.6158337586207, -73.944674, 0.0)"
164,245,3533 BROADWAY MANHATTAN NY 10031,"3533, Broadway, Hamilton Heights, Manhattan, Manhattan Community Board 9, New York County, NYC, New York, 10031, USA","(40.8262011, -73.9509399, 0.0)"
165,246,9808 ROCKAWAY BOULEVARD QUEENS NY 11417,"Rockaway Boulevard, Ozone Park, Queens County, NYC, New York, 11417, USA","(40.679862, -73.83883, 0.0)"
166,248,25001 NORTHERN BOULEVARD QUEENS NY 11362,"Northern Boulevard, Douglaston, Queens, Queens County, NYC, New York, 11362, USA","(40.7636245, -73.7507934, 0.0)"
167,252,4059 BROADWAY MANHATTAN NY 10032,"4059, Broadway, Washington Heights, Manhattan, Manhattan Community Board 12, New York County, NYC, New York, 10032, USA","(40.843106, -73.939297, 0.0)"
168,253,853 MANHATTAN AVENUE BROOKLYN NY 11222,"Cristina's, 853, Manhattan Avenue, Greenpoint, Kings County, NYC, New York, 11222, USA","(40.729096, -73.9539689, 0.0)"
169,254,8101 ROOSEVELT AVENUE QUEENS NY 11372,"Roosevelt Avenue, Jackson Heights, Queens County, NYC, New York, 11372, USA","(40.7468181, -73.8917049, 0.0)"
170,257,6431 COOPER AVENUE QUEENS NY 11385,"Cooper Avenue, Glendale, Queens County, NYC, New York, 11385, USA","(40.7060227, -73.8761782, 0.0)"
171,258,2210 BROADWAY MANHATTAN NY 10024,"2210, Broadway, Upper West Side, Manhattan, Manhattan Community Board 7, New York County, NYC, New York, 10024, USA","(40.7834888888889, -73.9801161111111, 0.0)"
172,260,51 UNIVERSITY PLACE MANHATTAN NY 10003,"Bagel Bob's, 51, University Place, Washington Square Village, Greenwich Village, Manhattan, Manhattan Community Board 2, New York County, NYC, New York, 10003, USA","(40.7324238, -73.9938939, 0.0)"
173,261,1367 BROADWAY MANHATTAN NY 10018,"1367, Broadway, Times Square, Manhattan, Manhattan Community Board 5, New York County, NYC, New York, 10018, USA","(40.7520885, -73.9877129, 0.0)"
174,264,5102 FT HAMILTON PARKWAY BROOKLYN NY 11219,"5102, Fort Hamilton Parkway, Borough Park, Kings County, NYC, New York, 11219, USA","(40.63749765, -73.9994630256072, 0.0)"
175,266,217 EAST HOUSTON STREET MANHATTAN NY 10002,"Mercury Lounge, 217, East Houston Street, Lower East Side, Manhattan, Manhattan Community Board 3, New York County, NYC, New York, 10002, USA","(40.7221035, -73.9867932, 0.0)"
176,267,907 LIVONIA AVENUE BROOKLYN NY 11207,"907, Livonia Avenue, East New York, Kings County, NYC, New York, 11207, USA","(40.6665503, -73.8834479929739, 0.0)"
177,269,3482 NOSTRAND AVENUE BROOKLYN NY 11229,"3482, Nostrand Avenue, Sheepshead Bay Houses, Kings County, NYC, New York, 11229, USA","(40.5988771578947, -73.9416992631579, 0.0)"
178,270,288 ELIZABETH STREET MANHATTAN NY 10012,"288, Elizabeth Street, NoHo, Manhattan, Manhattan Community Board 2, New York County, NYC, New York, 10012, USA","(40.72461855, -73.9931447, 0.0)"
179,271,50 WEST   33 STREET MANHATTAN NY 10001,"West 33 Street, Hudson Yards, Manhattan, Manhattan Community Board 4, New York County, NYC, New York, 10001, USA","(40.7550632, -74.0023404, 0.0)"
180,272,261 AVENUE X BROOKLYN NY 11223,"261, Avenue X, Gravesend, Kings County, NYC, New York, 11223, USA","(40.5903353, -73.9732524, 0.0)"
181,274,656 9 AVENUE MANHATTAN NY 10036,"Manhattan, New York County, NYC, New York, USA","(40.7900869, -73.9598295, 0.0)"
182,275,1177 AVENUE OF THE AMERICAS MANHATTAN NY 10036,"Americas Tower, 1177, 6th Avenue, Rockefeller Center South, Midtown, Manhattan, Manhattan Community Board 5, New York County, NYC, New York, 10019, USA","(40.7573123, -73.982758224517, 0.0)"
183,276,323 GREENWICH STREET MANHATTAN NY 10013,"323, Greenwich Street, TriBeCa, Manhattan, Manhattan Community Board 1, New York County, NYC, New York, 10013, USA","(40.7172418, -74.0104274884036, 0.0)"
184,277,229 COLUMBUS AVENUE MANHATTAN NY 10023,"Pomodoro Rosso, 229, Columbus Avenue, Frederick Douglass Houses, Lincoln Square, Manhattan, Manhattan Community Board 7, New York County, NYC, New York, 10023, USA","(40.7763934, -73.9793251, 0.0)"
185,279,15381 CROSS ISLAND PARKWAY QUEENS NY 11357,"Cross Island Parkway, Beechhurst, Queens, Queens County, NYC, New York, 11357, USA","(40.7863507, -73.8067337, 0.0)"
186,281,6230 WOODHAVEN BOULEVARD QUEENS NY 11374,"Woodhaven Boulevard, Rego Park, Queens County, NYC, New York, 11417, USA","(40.7234208, -73.8682643, 0.0)"
187,282,8002 SURREY PLACE QUEENS NY 11432,"Surrey Place, Utopia, Queens, Queens County, NYC, New York, 11432, USA","(40.721919, -73.7846749, 0.0)"
188,283,4630 VERNON BOULEVARD QUEENS NY 11101,"Vernon Boulevard, Astoria, Queens County, NYC, New York, 10044, USA","(40.763734, -73.94139, 0.0)"
189,284,6103 FLUSHING AVENUE QUEENS NY 11378,"Flushing Avenue, Maspeth, Queens County, NYC, New York, 11378, USA","(40.7212956, -73.9036625, 0.0)"
190,285,38-40 HENRY ST BROOKLYN NY 11201,"38, Henry Street, Brooklyn Heights, Kings County, NYC, New York, 11201, USA","(40.699791, -73.991998, 0.0)"
191,286,599 GRAND CONCOURSE BRONX NY 10451,"599, Grand Concourse, South Bronx, Bronx County, NYC, New York, 10451, USA","(40.819391, -73.927035, 0.0)"
192,289,1969 86 STREET BROOKLYN NY 11214,"86 St, Gravesend, Kings County, NYC, New York, 11223, USA","(40.5906494, -73.975127, 0.0)"
193,291,240 ARDEN AVENUE STATEN ISLAND NY 10312,"240, Arden Avenue, Woodrow, Richmond County, NYC, New York, 10312, USA","(40.5527342, -74.1912217, 0.0)"
194,292,620 6 AVENUE MANHATTAN NY 10011,"Manhattan, New York County, NYC, New York, USA","(40.7900869, -73.9598295, 0.0)"
195,300,2845 RICHMOND AVENUE STATEN ISLAND NY 10314,"2845, Richmond Avenue, Greenridge, Staten Island, Richmond County, NYC, New York, 10314, USA","(40.57588825, -74.1680247649206, 0.0)"
196,302,8905 NORTHERN BOULEVARD QUEENS NY 11372,"Northern Boulevard, Jackson Heights, Queens County, NYC, New York, 11372, USA","(40.755392, -73.887523, 0.0)"
197,303,171 7 AVENUE BROOKLYN NY 11215,"171, Avenue Y, Gravesend, Kings County, NYC, New York, 11223, USA","(40.5879432265193, -73.9734698839779, 0.0)"
198,304,29 ST MARKS PLACE MANHATTAN NY 10003,"29, Saint Mark's Place, East Village, Manhattan, Manhattan Community Board 3, New York County, NYC, New York, 10003, USA","(40.72904305, -73.988314799689, 0.0)"
199,305,1955 86 STREET BROOKLYN NY 11214,"86 St, Gravesend, Kings County, NYC, New York, 11223, USA","(40.5906494, -73.975127, 0.0)"
200,306,136 WEST BROADWAY MANHATTAN NY 10013,"136, West Broadway, TriBeCa, Manhattan, Manhattan Community Board 1, New York County, NYC, New York, 10013, USA","(40.7169673, -74.0083614967315, 0.0)"
201,308,4040 BROADWAY MANHATTAN NY 10032,"4040, Broadway, Washington Heights, Manhattan, Manhattan Community Board 12, New York County, NYC, New York, 10032, USA","(40.8429026, -73.939013, 0.0)"
202,310,20814 CROSS ISLAND PARKWAY QUEENS NY 11360,"Cross Island Parkway, Beechhurst, Queens, Queens County, NYC, New York, 11360, USA","(40.7893483, -73.7860798, 0.0)"
203,311,3002 STEINWAY STREET QUEENS NY 11103,"Steinway Street, Sunnyside Gardens, Queens County, NYC, New York, NY 11106, USA","(40.7552273, -73.922067, 0.0)"
204,312,5373 ARTHUR KILL ROAD STATEN ISLAND NY 10307,"Towne Deli & Pizzeria, 5373, Arthur Kill Road, Tottenville, Richmond County, NYC, New York, 10307, USA","(40.51349215, -74.2480651405985, 0.0)"
205,314,2816 ASTORIA BOULEVARD QUEENS NY 11102,"Astoria Boulevard, Astoria, Queens County, NYC, New York, 11102, USA","(40.7709325, -73.9213094, 0.0)"
206,315,6091 MYRTLE AVENUE QUEENS NY 11385,"Myrtle Avenue, Woodhaven, Queens County, NYC, New York, 11418, USA","(40.70297, -73.868243, 0.0)"
207,316,137 EAST HOUSTON STREET MANHATTAN NY 10002,"Yonah Shimmel Knish Bakery, 137, East Houston Street, Lower East Side, Manhattan, Manhattan Community Board 3, New York County, NYC, New York, 10002, USA","(40.7231858, -73.9901312, 0.0)"
208,317,1593 MCDONALD AVENUE BROOKLYN NY 11230,"1593, McDonald Avenue, Gravesend, BK, Kings County, NYC, New York, 11230, USA","(40.6141835, -73.9738152, 0.0)"
209,319,500 AVENUE OF THE AMERICAS MANHATTAN NY 10011,"Murray's Bagels, 500, 6th Avenue, Washington Square Village, Greenwich Village, Manhattan, Manhattan Community Board 2, New York County, NYC, New York, 10011, USA","(40.7363315, -73.9971668, 0.0)"
210,320,3620 DITMARS BOULEVARD QUEENS NY 11105,"Ditmars Boulevard, Astoria, Queens County, NYC, New York, 11370, USA","(40.7824664, -73.9196722, 0.0)"
211,322,1271 BROADWAY MANHATTAN NY 10001,"1271, Broadway, Korea Town, Herald Square, Manhattan, Manhattan Community Board 5, New York County, NYC, New York, 10001, USA","(40.7482942, -73.9884645, 0.0)"
212,324,154 POST AVENUE MANHATTAN NY 10034,"154, Post Avenue, Inwood, Manhattan, Manhattan Community Board 12, New York County, NYC, New York, 10034, USA","(40.86535885, -73.9188634137641, 0.0)"
213,329,93 GREENWICH AVENUE MANHATTAN NY 10014,"93, Greenwich Avenue, West Village, Manhattan, Manhattan Community Board 2, New York County, NYC, New York, 10014, USA","(40.7373721, -74.0017425, 0.0)"
214,331,585 FOREST AVENUE STATEN ISLAND NY 10310,"585, Forest Avenue, West New Brighton, Todt Hill, Richmond County, NYC, New York, 10310, USA","(40.6303559, -74.108830005904, 0.0)"
215,332,11625 METROPOLITAN AVENUE QUEENS NY 11418,"Metropolitan Avenue, Richmond Hill, Queens County, NYC, New York, 11418, USA","(40.7029733, -73.8191799, 0.0)"
216,334,4259 BROADWAY MANHATTAN NY 10033,"McDonald's, 4259, Broadway, Hudson Heights, Manhattan, Manhattan Community Board 12, New York County, NYC, New York, 10033, USA","(40.85011575, -73.9362360361165, 0.0)"
217,336,119 WEST KINGSBRIDGE ROAD BRONX NY 10468,"119, West Kingsbridge Road, Kingsbridge Heights, The Bronx, Bronx County, NYC, New York, 10468, USA","(40.8686676, -73.9018512, 0.0)"
218,338,218 FLATBUSH AVENUE BROOKLYN NY 11217,"Gino's Pizza, 218, Flatbush Avenue, Prospect Heights, BK, Kings County, NYC, New York, 11217, USA","(40.680991, -73.9754549, 0.0)"
219,339,442 AMSTERDAM AVENUE MANHATTAN NY 10024,"The Gin Mill, 442, Amsterdam Avenue, Upper West Side, Manhattan, Manhattan Community Board 7, New York County, NYC, New York, 10024, USA","(40.784766, -73.9775527670385, 0.0)"
220,340,4256 ARTHUR KILL ROAD STATEN ISLAND NY 10309,"4256, Arthur Kill Road, Charleston, Richmond County, NYC, New York, 10309, USA","(40.53842035, -74.23710065, 0.0)"
221,341,958 POST AVENUE STATEN ISLAND NY 10302,"958, Post Avenue, Port Richmond, Richmond County, NYC, New York, 10302, USA","(40.63188925, -74.1327634, 0.0)"
222,342,594 5 AVENUE BROOKLYN NY 11215,"594, Avenue Y, Gravesend, Kings County, NYC, New York, 11235, USA","(40.5889329473684, -73.9644895263158, 0.0)"
223,343,605 EAST TREMONT AVENUE BRONX NY 10457,"605, East Tremont Avenue, East Tremont, The Bronx, Bronx County, NYC, New York, 10457, USA","(40.84635, -73.8927959, 0.0)"
224,345,9460 CORONA AVENUE QUEENS NY 11373,"Corona Avenue, Elmhurst, Queens County, NYC, New York, 11368, USA","(40.7405408, -73.8763554, 0.0)"
225,346,88 FULTON STREET MANHATTAN NY 10038,"Matryoshka, 88, Fulton Street, Financial District, Manhattan, Manhattan Community Board 1, New York County, NYC, New York, 10038, USA","(40.7090684, -74.0057404, 0.0)"
226,347,696 ALLERTON AVENUE BRONX NY 10467,"696, Allerton Avenue, Williams Bridge, The Bronx, Bronx County, NYC, New York, 10467, USA","(40.8652727, -73.8676102, 0.0)"
227,348,603 FORT WASHINGTON AVENUE MANHATTAN NY 10040,"Kismat Indian Restaurant, 603, Fort Washington Avenue, Hudson Heights, Manhattan, Manhattan Community Board 12, New York County, NYC, New York, 10040, USA","(40.8552997, -73.9370289, 0.0)"
228,351,89 BAXTER STREET MANHATTAN NY 10013,"Thai Son, 89, Baxter Street, Five Points, Chinatown, Manhattan, Manhattan Community Board 2, New York County, NYC, New York, 10013, USA","(40.7168178, -73.9996119, 0.0)"
229,353,481 8 AVENUE MANHATTAN NY 10001,"Manhattan, New York County, NYC, New York, USA","(40.7900869, -73.9598295, 0.0)"
230,355,1218 ST NICHOLAS AVENUE MANHATTAN NY 10032,"1218, Saint Nicholas Avenue, Washington Heights, Manhattan, Manhattan Community Board 12, New York County, NYC, New York, 10032, USA","(40.8427309, -73.9383114, 0.0)"
231,356,764 AMSTERDAM AVENUE MANHATTAN NY 10025,"Malecon Restaurant, 764, Amsterdam Avenue, Manhattan Valley, Manhattan, Manhattan Community Board 7, New York County, NYC, New York, 10025, USA","(40.7950362, -73.9699298, 0.0)"
232,359,0 PENN STATION MANHATTAN NY 10121,"Penn station, West 34th Street, Garment District, Manhattan, Manhattan Community Board 5, New York County, NYC, New York, 10001, USA","(40.7513943, -73.9922608, 0.0)"
233,360,177 KENT STREET BROOKLYN NY 11222,"177, Kent Street, Greenpoint, Kings County, NYC, New York, 11222, USA","(40.7310608275862, -73.9536274137931, 0.0)"
234,362,119 MACDOUGAL STREET MANHATTAN NY 10012,"Caffe Reggio, 119, MacDougal Street, University Village, Greenwich Village, Manhattan, Manhattan Community Board 2, New York County, NYC, New York, 10012, USA","(40.730322, -74.0003624, 0.0)"
235,363,8607 NORTHERN BOULEVARD QUEENS NY 11372,"Northern Boulevard, Jackson Heights, Queens County, NYC, New York, 11372, USA","(40.755392, -73.887523, 0.0)"
236,364,110 GREENWICH AVENUE MANHATTAN NY 10011,"Greenwich Avenue, West Village, Manhattan, Manhattan Community Board 2, New York County, NYC, New York, 10014, USA","(40.7338239, -73.9995747, 0.0)"
237,367,727 GRAND STREET BROOKLYN NY 11211,"Los Morales, 727, Grand Street, Williamsburg, Kings County, NYC, New York, 11211, USA","(40.7117958, -73.9436422, 0.0)"
238,369,13841 JAMAICA AVENUE QUEENS NY 11435,"Jamaica Avenue, Richmond Hill, Queens County, NYC, New York, 11435, USA","(40.702358, -73.818749, 0.0)"
239,370,751 WESTCHESTER AVENUE BRONX NY 10455,"751, Westchester Avenue, Saint Mary's Park Houses, The Bronx, Bronx County, NYC, New York, 10455, USA","(40.8178337, -73.9058317, 0.0)"
240,372,1460 FLATBUSH AVENUE BROOKLYN NY 11210,"1460, Flatbush Avenue, Flatbush, BK, Kings County, NYC, New York, 11210, USA","(40.6350042, -73.9502132, 0.0)"
241,375,519 2 AVENUE MANHATTAN NY 10016,"Manhattan, New York County, NYC, New York, USA","(40.7900869, -73.9598295, 0.0)"
242,376,2867 BROADWAY MANHATTAN NY 10025,"2867, Broadway, Morningside Heights, Manhattan, Manhattan Community Board 9, New York County, NYC, New York, 10025, USA","(40.8051554, -73.9663556711924, 0.0)"
243,377,48 SPRING STREET MANHATTAN NY 10012,"48, Spring Street, Little Italy, Manhattan, Manhattan Community Board 2, New York County, NYC, New York, 10012, USA","(40.7219298, -73.9964168, 0.0)"
244,378,1729 CROSBY AVENUE BRONX NY 10461,"1729, Crosby Avenue, Pelham Bay, The Bronx, Bronx County, NYC, New York, 10461, USA","(40.8460574, -73.8319473374525, 0.0)"
245,379,9465 CORONA AVE QUEENS NY 11373,"Corona Avenue, Elmhurst, Queens County, NYC, New York, 11368, USA","(40.7405408, -73.8763554, 0.0)"
246,380,149 SULLIVAN STREET MANHATTAN NY 10012,"149, Sullivan Street, University Village, Greenwich Village, Manhattan, Manhattan Community Board 2, New York County, NYC, New York, 10012, USA","(40.7270941875, -74.0017293125, 0.0)"
247,382,295 SMITH STREET BROOKLYN NY 11231,"295, Smith Street, Boerum Hill, Kings County, NYC, New York, 11231, USA","(40.6818582, -73.9935263829343, 0.0)"
248,383,80 SPRING STREET MANHATTAN NY 10012,"Spring Street, SoHo, Manhattan, Manhattan Community Board 2, New York County, NYC, New York, NY 10012, USA","(40.7255902, -74.0039997, 0.0)"
249,384,8420 ASTORIA BOULEVARD QUEENS NY 11370,"Astoria Boulevard, Jackson Heights, Queens County, NYC, New York, 11370, USA","(40.7651959, -73.8876686, 0.0)"
250,385,254 LIVONIA AVENUE BROOKLYN NY 11212,"254, Livonia Avenue, Brownsville, BK, Kings County, NYC, New York, 11212, USA","(40.6625692903226, -73.9082557419355, 0.0)"
251,386,2121 BROADWAY MANHATTAN NY 10023,"2121, Broadway, Upper West Side, Manhattan, Manhattan Community Board 7, New York County, NYC, New York, 10023, USA","(40.7806943, -73.9816882, 0.0)"
252,388,965 LEXINGTON AVENUE MANHATTAN NY 10021,"965, Lexington Avenue, Upper East Side, Manhattan, Manhattan Community Board 8, New York County, NYC, New York, 10021, USA","(40.76915845, -73.9628195634578, 0.0)"
253,389,2509 STEINWAY STREET QUEENS NY 11103,"Steinway Street, Sunnyside Gardens, Queens County, NYC, New York, NY 11106, USA","(40.7552273, -73.922067, 0.0)"
254,390,40 WASHINGTON SQUARE SOUTH MANHATTAN NY 10012,"New York University School of Law, 40, Washington Square South, Washington Square Village, Greenwich Village, Manhattan, Manhattan Community Board 2, New York County, NYC, New York, 10012, USA","(40.7306773, -73.9994085, 0.0)"
255,391,23107 MERRICK BOULEVARD QUEENS NY 11413,"Merrick Boulevard, Springfield Gardens, Queens County, NYC, New York, 11422, USA","(40.6786458, -73.7482529, 0.0)"
256,392,652 FRANKLIN AVENUE BROOKLYN NY 11238,"652, Franklin Avenue, Prospect Heights, BK, Kings County, NYC, New York, 11238, USA","(40.6761049, -73.9561529, 0.0)"
257,393,618 NOSTRAND AVENUE BROOKLYN NY 11216,"Royal Bakery & Roti House, 618, Nostrand Avenue, Brooklyn Community Board 17 Neighborhoods, BK, Kings County, NYC, New York, 11216, USA","(40.6773032, -73.9499755, 0.0)"
258,394,831 FLATBUSH AVENUE BROOKLYN NY 11226,"831, Flatbush Avenue, Flatbush, BK, Kings County, NYC, New York, 11226, USA","(40.6523497, -73.9590246, 0.0)"
259,395,1295 MADISON AVENUE MANHATTAN NY 10128,"1295, Madison Avenue, Upper East Side, Carnegie Hill, Manhattan, Manhattan Community Board 8, New York County, NYC, New York, 10128, USA","(40.7848028, -73.955747, 0.0)"
260,402,50 COURT STREET BROOKLYN NY 11201,"50, Court Street, Cobble Hill, Kings County, NYC, New York, 11201, USA","(40.6923739, -73.9913434338016, 0.0)"
261,404,2158 8 AVENUE MANHATTAN NY 10026,"Manhattan, New York County, NYC, New York, USA","(40.7900869, -73.9598295, 0.0)"
262,405,1 COURT SQUARE QUEENS NY 11101,"Court Square, LIC, Queens County, NYC, New York, 11101, USA","(40.745984, -73.943678, 0.0)"
263,408,2036 FLATBUSH AVENUE BROOKLYN NY 11234,"2036, Flatbush Avenue, Flatlands, BK, Kings County, NYC, New York, 11234, USA","(40.620162, -73.934367, 0.0)"
264,409,81 ST MARKS PLACE MANHATTAN NY 10003,"Xi'an Famous Foods, 81, Saint Mark's Place, East Village, Manhattan, Manhattan Community Board 3, New York County, NYC, New York, 10003, USA","(40.72785785, -73.98547345, 0.0)"
265,410,16223 HILLSIDE AVENUE QUEENS NY 11432,"Hillside Avenue, Hillside, Queens, Queens County, NYC, New York, 11432, USA","(40.7122519, -73.7885302, 0.0)"
266,411,16923 JAMAICA AVE QUEENS NY 11432,"Jamaica Avenue, Jamaica, Queens, Queens County, NYC, New York, 11208, USA","(40.7017926, -73.8085517, 0.0)"
267,412,3106 BROADWAY QUEENS NY 11106,"Broadway, Astoria, Queens County, NYC, New York, 11373, USA","(40.7620509, -73.9255515, 0.0)"
268,413,11319 BEACH CHANNEL DRIVE QUEENS NY 11694,"Beach Channel Drive, Neponsit, Queens County, NYC, New York, 11694, USA","(40.573622, -73.8671179, 0.0)"
269,415,451 CLARKSON AVENUE BROOKLYN NY 11203,"Kings County Hospital Center, 451, Clarkson Avenue, Brooklyn Community Board 17 Neighborhoods, BK, Kings County, NYC, New York, 11203, USA","(40.6566962, -73.943465837867, 0.0)"
270,416,195 BROADWAY MANHATTAN NY 10007,"195 Broadway, 195, Broadway, Financial District, Manhattan, Manhattan Community Board 1, New York County, NYC, New York, 10003, USA","(40.71073505, -74.00968297829, 0.0)"
271,418,1017 MANHATTAN AVENUE BROOKLYN NY 11222,"Triangolo Pizzeria, 1017, Manhattan Avenue, Greenpoint, Kings County, NYC, New York, 11222, USA","(40.733627, -73.9549862, 0.0)"
272,419,14923 JAMAICA AVENUE QUEENS NY 11435,"Jamaica Avenue, Richmond Hill, Queens County, NYC, New York, 11435, USA","(40.702358, -73.818749, 0.0)"
273,420,143 PERRY STREET MANHATTAN NY 10014,"The Otheroom, 143, Perry Street, West Village Houses, West Village, Manhattan, Manhattan Community Board 2, New York County, NYC, New York, 10014, USA","(40.7349434, -74.0080378, 0.0)"
274,424,135 READE STREET MANHATTAN NY 10013,"135, Reade Street, TriBeCa, Manhattan, Manhattan Community Board 1, New York County, NYC, New York, 10013, USA","(40.71622745, -74.0097410518901, 0.0)"
275,426,114 COURT STREET BROOKLYN NY 11201,"114, Court Street, Brooklyn Heights, Kings County, NYC, New York, 11201, USA","(40.69024785, -73.99235015, 0.0)"
276,428,6040 MYRTLE AVENUE QUEENS NY 11385,"Myrtle Avenue, Woodhaven, Queens County, NYC, New York, 11418, USA","(40.70297, -73.868243, 0.0)"
277,429,247 WEST BROADWAY MANHATTAN NY 10013,"247, West Broadway, TriBeCa, Manhattan, Manhattan Community Board 1, New York County, NYC, New York, 10013, USA","(40.7197708, -74.0056721, 0.0)"
278,430,4052 MAIN STREET QUEENS NY 11354,"Main Street, Linden Hill, Queens, Queens County, NYC, New York, 11354, USA","(40.7629068, -73.8319907, 0.0)"
279,433,1140 BAY STREET STATEN ISLAND NY 10305,"1140, Bay Street, Rosebank, Todt Hill, Richmond County, NYC, New York, 10305, USA","(40.6151742, -74.0673267, 0.0)"
280,434,1404 AVENUE X BROOKLYN NY 11235,"1404, Avenue X, Gravesend, Kings County, NYC, New York, 11235, USA","(40.5920408163265, -73.9558761428571, 0.0)"
281,435,224 DEKALB AVENUE BROOKLYN NY 11205,"224, DeKalb Avenue, Fort Greene, BK, Kings County, NYC, New York, 11205, USA","(40.6894337142857, -73.9703961428571, 0.0)"
282,436,195 GRAND STREET MANHATTAN NY 10013,"Ferrara, 195, Grand Street, Little Italy, Manhattan, Manhattan Community Board 3, New York County, NYC, New York, 10013, USA","(40.7191024, -73.9970647, 0.0)"
283,437,16 BEAVER STREET MANHATTAN NY 10004,"Burger King, 16, Beaver Street, Financial District, Manhattan, Manhattan Community Board 1, New York County, NYC, New York, 10004, USA","(40.7049052, -74.0125313, 0.0)"
284,438,256 7 AVENUE BROOKLYN NY 11215,"256, Avenue Y, Gravesend, Kings County, NYC, New York, 11223, USA","(40.587977038674, -73.9731519558011, 0.0)"
285,439,2479 BROADWAY MANHATTAN NY 10025,"Perfecto, 2479, Broadway, Upper West Side, Manhattan, Manhattan Community Board 7, New York County, NYC, New York, 10025, USA","(40.7923725, -73.9738366, 0.0)"
286,440,734 AMSTERDAM AVENUE MANHATTAN NY 10025,"Famous Famiglia, 734, Amsterdam Avenue, Upper West Side, Manhattan, Manhattan Community Board 7, New York County, NYC, New York, 10025, USA","(40.7939921, -73.9706754, 0.0)"
287,445,162 MONTAGUE STREET BROOKLYN NY 11201,"Nanatori, 162, Montague Street, Brooklyn Heights, Kings County, NYC, New York, 11201, USA","(40.6942055, -73.9927988, 0.0)"
288,446,3201 PHILIP AVE BRONX NY 10465,"3201, Philip Avenue, Eastchester Bay, Bronx County, NYC, New York, 10465, USA","(40.8307185, -73.8180691, 0.0)"
289,447,1 EAST BEDFORD PARK BOULEVARD BRONX NY 10468,"1, Bedford Park Boulevard, Bedford Park, The Bronx, Bronx County, NYC, New York, 10468, USA","(40.873346, -73.889182, 0.0)"
290,448,174 NEW DORP LANE STATEN ISLAND NY 10306,"Brioso Ristorante, 174, New Dorp Lane, New Dorp, Staten Island, Todt Hill, Richmond County, NYC, New York, 10306, USA","(40.5731195, -74.1150264, 0.0)"
291,449,324 SPRING STREET MANHATTAN NY 10013,"324, Spring Street, Hudson Square, Manhattan, Manhattan Community Board 2, New York County, NYC, New York, 10013, USA","(40.72583575, -74.0094229253149, 0.0)"
292,451,1100 AVENUE OF THE AMERICAS MANHATTAN NY 10036,"Starbucks, 1100, 6th Avenue, Times Square, Manhattan, Manhattan Community Board 5, New York County, NYC, New York, 10036, USA","(40.7549098, -73.9837692, 0.0)"
293,453,2800 HYLAN BOULEVARD STATEN ISLAND NY 10306,"2800, Hylan Boulevard, New Dorp Beach, Staten Island, Todt Hill, Richmond County, NYC, New York, 10306, USA","(40.56390015, -74.1151905671811, 0.0)"
294,454,992 MANHATTAN AVENUE BROOKLYN NY 11222,"992, Manhattan Avenue, Greenpoint, Kings County, NYC, New York, 11222, USA","(40.73291585, -73.95448505, 0.0)"
295,455,4555 VAN DAM ST QUEENS NY 11101,"Van Dam Diner, 4555, Van Dam Street, Sunnyside, Queens County, NYC, New York, 11101, USA","(40.7430465, -73.9337016, 0.0)"
296,456,176 GRAHAM AVENUE BROOKLYN NY 11206,"176, Graham Avenue, Williamsburg, Kings County, NYC, New York, 11206, USA","(40.7077684, -73.9430596166399, 0.0)"
297,457,287 AVENUE U BROOKLYN NY 11223,"287, Avenue U, Gravesend, Kings County, NYC, New York, 11223, USA","(40.5970147692308, -73.9736573846154, 0.0)"
298,458,21529 NORTHERN BOULEVARD QUEENS NY 11361,"Northern Boulevard, Oakland Gardens, Queens, Queens County, NYC, New York, 11362, USA","(40.7607424, -73.7660435, 0.0)"
299,460,732 8 AVENUE MANHATTAN NY 10036,"Manhattan, New York County, NYC, New York, USA","(40.7900869, -73.9598295, 0.0)"
300,461,158 MONTAGUE STREET BROOKLYN NY 11201,"158, Montague Street, Brooklyn Heights, Kings County, NYC, New York, 11201, USA","(40.69419545, -73.9929885893052, 0.0)"
301,462,1020 LEXINGTON AVENUE MANHATTAN NY 10021,"1020, Lexington Avenue, Upper East Side, Manhattan, Manhattan Community Board 8, New York County, NYC, New York, 10021, USA","(40.7710739, -73.9620500798749, 0.0)"
302,463,2401 WESTCHESTER AVENUE BRONX NY 10461,"2401, Westchester Avenue, Unionport, The Bronx, Bronx County, NYC, New York, 10461, USA","(40.8371721, -73.84648, 0.0)"
303,464,248 10 AVENUE MANHATTAN NY 10001,"Manhattan, New York County, NYC, New York, USA","(40.7900869, -73.9598295, 0.0)"
304,465,2311 ARTHUR AVENUE BRONX NY 10458,"2311, Arthur Avenue, Belmont, The Bronx, Bronx County, NYC, New York, 10458, USA","(40.8537883, -73.8892497, 0.0)"
305,466,101 ST MARKS PLACE MANHATTAN NY 10009,"Cafe Mogador, 101, Saint Mark's Place, East Village, Manhattan, Manhattan Community Board 3, New York County, NYC, New York, 10009, USA","(40.7273469, -73.984402, 0.0)"
306,467,2873 WEBSTER AVENUE BRONX NY 10458,"2873, Webster Avenue, Bedford Park, The Bronx, Bronx County, NYC, New York, 10458, USA","(40.8672799, -73.8839042, 0.0)"
307,472,520 COLUMBUS AVENUE MANHATTAN NY 10024,"Good Enough To Eat, 520, Columbus Avenue, Upper West Side, Manhattan, Manhattan Community Board 7, New York County, NYC, New York, 10024, USA","(40.7859964, -73.9727711, 0.0)"
308,473,684 ST NICHOLAS AVENUE MANHATTAN NY 10030,"684, Saint Nicholas Avenue, Hamilton Heights, Manhattan, Manhattan Community Board 9, New York County, NYC, New York, 10030, USA","(40.8235268, -73.9447646507595, 0.0)"
309,474,3433 FRANCIS LEWIS BOULEVARD QUEENS NY 11358,"Francis Lewis Boulevard, Bayside, Queens, Queens County, NYC, New York, 11358, USA","(40.7693828, -73.7923603, 0.0)"
310,478,95 STANTON STREET MANHATTAN NY 10002,"Arlene's Grocery, 95, Stanton Street, Lower East Side, Manhattan, Manhattan Community Board 3, New York County, NYC, New York, 10002, USA","(40.7213285, -73.9883827, 0.0)"
311,479,7 AVENUE A MANHATTAN NY 10009,"The Library, 7, Avenue A, East Village, Manhattan, Manhattan Community Board 3, New York County, NYC, New York, 10009, USA","(40.7226253, -73.9862488, 0.0)"
312,481,4620 CHURCH AVENUE BROOKLYN NY 11203,"4620, Church Avenue, Brooklyn Community Board 17 Neighborhoods, BK, Kings County, NYC, New York, 11203, USA","(40.6513937, -73.9334928307677, 0.0)"
313,483,99 PRINCE STREET MANHATTAN NY 10012,"The Mercer Kitchen, 99, Prince Street, SoHo, Manhattan, Manhattan Community Board 2, New York County, NYC, New York, 10012, USA","(40.7248117, -73.998741, 0.0)"
314,484,201 8 AVENUE MANHATTAN NY 10011,"Manhattan, New York County, NYC, New York, USA","(40.7900869, -73.9598295, 0.0)"
315,485,696 2 AVENUE MANHATTAN NY 10016,"Manhattan, New York County, NYC, New York, USA","(40.7900869, -73.9598295, 0.0)"
316,486,1149 MCDONALD AVENUE BROOKLYN NY 11230,"1149, McDonald Avenue, Parkville, BK, Kings County, NYC, New York, 11230, USA","(40.62538155, -73.9757002778206, 0.0)"
317,488,695 9 AVENUE MANHATTAN NY 10036,"Manhattan, New York County, NYC, New York, USA","(40.7900869, -73.9598295, 0.0)"
318,489,3501 BELL BOULEVARD QUEENS NY 11361,"Jackson Hole, 3501, Bell Boulevard, Bayside, Queens, Queens County, NYC, New York, 11361, USA","(40.7688, -73.7732689, 0.0)"
319,492,8949 BAY PARKWAY BROOKLYN NY 11214,"Bay Parkway, Midwood, BK, Kings County, NYC, New York, 11214, USA","(40.6220043, -73.9742795, 0.0)"
320,494,2331 HUGHES AVENUE BRONX NY 10458,"2331, Hughes Avenue, Belmont, The Bronx, Bronx County, NYC, New York, 10458, USA","(40.853963, -73.888035, 0.0)"
321,496,72 BEDFORD STREET MANHATTAN NY 10014,"72, Bedford Street, West Village, Manhattan, Manhattan Community Board 2, New York County, NYC, New York, 10014, USA","(40.7314644, -74.0048032, 0.0)"
322,497,1664 RICHMOND ROAD STATEN ISLAND NY 10304,"1664, Richmond Road, Dongan Hills, Staten Island, Todt Hill, Richmond County, NYC, New York, 10304, USA","(40.5893815, -74.1012747, 0.0)"
323,498,109 MACDOUGAL STREET MANHATTAN NY 10012,"109, MacDougal Street, University Village, Greenwich Village, Manhattan, Manhattan Community Board 2, New York County, NYC, New York, 10012, USA","(40.7298167272727, -74.0007718181818, 0.0)"
324,499,107 UNIVERSITY PLACE MANHATTAN NY 10003,"107, University Place, Washington Square Village, Greenwich Village, Manhattan, Manhattan Community Board 2, New York County, NYC, New York, 10003, USA","(40.7342068, -73.9923691, 0.0)"
325,503,31 GREAT JONES ST MANHATTAN NY 10012,"31, Great Jones Street, NoHo Historic District, NoHo, Manhattan, Manhattan Community Board 2, New York County, NYC, New York, 10012, USA","(40.72682565, -73.9932827929892, 0.0)"
326,505,245 LEXINGTON AVENUE MANHATTAN NY 10016,"245, Lexington Avenue, Murray Hill, Manhattan, Manhattan Community Board 6, New York County, NYC, New York, 10016, USA","(40.74666525, -73.9792163792887, 0.0)"
327,506,378 3 AVENUE MANHATTAN NY 10016,"Manhattan, New York County, NYC, New York, USA","(40.7900869, -73.9598295, 0.0)"
328,507,631 9 AVENUE MANHATTAN NY 10036,"Manhattan, New York County, NYC, New York, USA","(40.7900869, -73.9598295, 0.0)"
329,508,24435 MERRICK BOULEVARD QUEENS NY 11422,"Merrick Boulevard, Valley Stream, Queens County, NYC, New York, 11422, USA","(40.6741229, -73.7276621, 0.0)"
330,512,531 2 AVENUE MANHATTAN NY 10016,"Manhattan, New York County, NYC, New York, USA","(40.7900869, -73.9598295, 0.0)"
331,513,6002 WOODSIDE AVENUE QUEENS NY 11377,"Woodside Avenue, Woodside, Queens County, NYC, New York, 11373, USA","(40.743122, -73.897536, 0.0)"
332,515,355 FOOD CENTER DRIVE BRONX NY 10474,"355, Food Center Drive, South Bronx, The Bronx, Bronx County, NYC, New York, 10474, USA","(40.8105369, -73.8738888, 0.0)"
333,516,21603 MERRICK BOULEVARD QUEENS NY 11413,"Merrick Boulevard, Springfield Gardens, Queens County, NYC, New York, 11422, USA","(40.6786458, -73.7482529, 0.0)"
334,517,4299 KATONAH AVE BRONX NY 10470,"Behan's Public House, 4299, Katonah Avenue, Woodlawn, The Bronx, Bronx County, NYC, New York, 10470, USA","(40.8985695, -73.8675528, 0.0)"
335,519,583 3 AVENUE MANHATTAN NY 10016,"Manhattan, New York County, NYC, New York, USA","(40.7900869, -73.9598295, 0.0)"
336,521,21911 JAMAICA AVENUE QUEENS NY 11428,"Jamaica Avenue, Queens Village, Queens County, NYC, New York, 11428, USA","(40.7228607, -73.7290154, 0.0)"
337,522,659 9 AVENUE MANHATTAN NY 10036,"Manhattan, New York County, NYC, New York, USA","(40.7900869, -73.9598295, 0.0)"
338,524,3800 QUEENS BOULEVARD QUEENS NY 11101,"3800, Queens Boulevard, Sunnyside, Queens County, NYC, New York, 11101, USA","(40.743861, -73.926934, 0.0)"
339,525,1841 WESTCHESTER AVENUE BRONX NY 10472,"Joe's Place, 1841, Westchester Avenue, Parkchester, The Bronx, Bronx County, NYC, New York, 10472, USA","(40.8325962, -73.8643992, 0.0)"
340,528,40 EMPIRE BOULEVARD BROOKLYN NY 11225,"40, Empire Boulevard, Flatbush, BK, Kings County, NYC, New York, 11225, USA","(40.6631215, -73.9611602, 0.0)"
341,529,3157 BROADWAY MANHATTAN NY 10027,"3157, Broadway, Morningside Heights, Manhattan, Manhattan Community Board 9, New York County, NYC, New York, 10027, USA","(40.8148083, -73.9593969937835, 0.0)"
342,530,1769 ARTHUR KILL ROAD STATEN ISLAND NY 10312,"1769, Arthur Kill Road, Fresh Kills, Richmond County, NYC, New York, 10312, USA","(40.5594402, -74.1977532084833, 0.0)"
343,531,1221 AVENUE OF THE AMERICAS MANHATTAN NY 10036,"McGraw-Hill Building, 1221, 6th Avenue, Rockefeller Center South, Midtown, Manhattan, Manhattan Community Board 5, New York County, NYC, New York, 10019, USA","(40.7595447, -73.9825328153468, 0.0)"
344,532,2294 BEDFORD AVENUE BROOKLYN NY 11226,"2294, Bedford Avenue, Brooklyn Community Board 17 Neighborhoods, BK, Kings County, NYC, New York, 11226, USA","(40.64774505, -73.9560182874136, 0.0)"
345,533,5840 AMBOY ROAD STATEN ISLAND NY 10309,"5840, Amboy Road, Pleasant Plains, Richmond County, NYC, New York, 10309, USA","(40.5259428666667, -74.2023112, 0.0)"
346,534,522 CITY ISLAND AVE BRONX NY 10464,"522, City Island Avenue, City Island, Bronx County, NYC, New York, 10464, USA","(40.8526445, -73.7891937249937, 0.0)"
347,538,11446 ROCKAWAY BOULEVARD QUEENS NY 11420,"Rockaway Boulevard, South Ozone Park, Queens County, NYC, New York, 11420, USA","(40.676426, -73.821008, 0.0)"
348,539,16302 CROSS BAY BOULEVARD QUEENS NY 11414,"Cross Bay Boulevard, Howard Beach, Queens County, NYC, New York, 11693, USA","(40.6633202, -73.8407848, 0.0)"
349,540,12517 ROCKAWAY BOULEVARD QUEENS NY 11420,"Rockaway Boulevard, South Ozone Park, Queens County, NYC, New York, 11420, USA","(40.676426, -73.821008, 0.0)"
350,542,6824 COLONIAL ROAD BROOKLYN NY 11220,"6824, Colonial Road, Bay Ridge, Kings County, NYC, New York, 11220, USA","(40.6375814, -74.0313506, 0.0)"
351,543,621 9 AVENUE MANHATTAN NY 10036,"Manhattan, New York County, NYC, New York, USA","(40.7900869, -73.9598295, 0.0)"
352,544,8302 NORTHERN BOULEVARD QUEENS NY 11372,"Northern Boulevard, Jackson Heights, Queens County, NYC, New York, 11372, USA","(40.755392, -73.887523, 0.0)"
353,545,793 FAIRVIEW AVENUE QUEENS NY 11385,"I O Cafe, 793, Fairview Avenue, Ridgewood, Queens County, NYC, New York, 11385, USA","(40.7047502, -73.9023202, 0.0)"
354,546,157 MOTT STREET MANHATTAN NY 10013,"Pho Bang, 157, Mott Street, Five Points, Little Italy, Manhattan, Manhattan Community Board 2, New York County, NYC, New York, 10013, USA","(40.71950345, -73.9965331719952, 0.0)"
355,547,4 TIMES SQUARE MANHATTAN NY 10036,"Condé Nast Building, 4, Times Square, Manhattan, Manhattan Community Board 5, New York County, NYC, New York, NY 10036, USA","(40.75604035, -73.9857229817594, 0.0)"
356,548,95 WEST BROADWAY MANHATTAN NY 10013,"95, West Broadway, TriBeCa, Manhattan, Manhattan Community Board 1, New York County, NYC, New York, 10013, USA","(40.7156646, -74.0088987, 0.0)"
357,549,4231 BELL BOULEVARD QUEENS NY 11361,"Bell Boulevard, Oakland Gardens, Queens, Queens County, NYC, New York, 11364, USA","(40.7521662, -73.7638406, 0.0)"
358,550,123 MACDOUGAL ST MANHATTAN NY 10012,"Ben's Pizzeria, 123, MacDougal Street, University Village, Greenwich Village, Manhattan, Manhattan Community Board 2, New York County, NYC, New York, 10012, USA","(40.7303941, -74.0003007, 0.0)"
359,551,2870 LINDEN BOULEVARD BROOKLYN NY 11208,"Linden Boulevard, East New York, Kings County, NYC, New York, 11208, USA","(40.6669157, -73.8716051, 0.0)"
360,552,2331 ARTHUR AVE BRONX NY 10458,"2331, Arthur Avenue, Belmont, The Bronx, Bronx County, NYC, New York, 10458, USA","(40.8542071, -73.8890939684531, 0.0)"
361,553,75 WASHINGTON PLACE MANHATTAN NY 10011,"Blue Hill, 75, Washington Place, Washington Square Village, Greenwich Village, Manhattan, Manhattan Community Board 2, New York County, NYC, New York, 10011, USA","(40.7320396, -73.9995703, 0.0)"
362,557,2919 DITMARS BOULEVARD QUEENS NY 11105,"Ditmars Boulevard, Astoria, Queens County, NYC, New York, 11370, USA","(40.7824664, -73.9196722, 0.0)"
363,558,6187 STRICKLAND AVENUE BROOKLYN NY 11234,"6187, Strickland Avenue, Bergen Beach, Kings County, NYC, New York, 11234, USA","(40.6097913333707, -73.9138312499832, 0.0)"
364,559,8110 ROOSEVELT AVENUE QUEENS NY 11372,"Roosevelt Avenue, Jackson Heights, Queens County, NYC, New York, 11372, USA","(40.7468181, -73.8917049, 0.0)"
365,560,1278 NOSTRAND AVENUE BROOKLYN NY 11226,"1278, Nostrand Avenue, Brooklyn Community Board 17 Neighborhoods, BK, Kings County, NYC, New York, 11226, USA","(40.65591465, -73.95035235, 0.0)"
366,561,22003 HILLSIDE AVENUE QUEENS NY 11427,"Hillside Avenue, Bellaire, Queens, Queens County, NYC, New York, 11427, USA","(40.722091, -73.757974, 0.0)"
367,562,5788 MOSHOLU AVENUE BRONX NY 10471,"5788, Mosholu Avenue, Riverdale, Bronx County, NYC, New York, 10471, USA","(40.9053195, -73.8977714, 0.0)"
368,563,249 ELDRIDGE STREET MANHATTAN NY 10002,"249, Eldridge Street, Chinatown, Manhattan, Manhattan Community Board 3, New York County, NYC, New York, 10002, USA","(40.7229451, -73.9896209, 0.0)"
369,564,1057 LEXINGTON AVENUE MANHATTAN NY 10021,"1057, Lexington Avenue, Upper East Side, Manhattan, Manhattan Community Board 8, New York County, NYC, New York, 10021, USA","(40.7724145, -73.9605847, 0.0)"
370,567,56 BEAVER STREET MANHATTAN NY 10004,"Delmonico's, 56, Beaver Street, Financial District, Manhattan, Manhattan Community Board 1, New York County, NYC, New York, 10004, USA","(40.7050005, -74.0102731, 0.0)"
371,568,1309 PROSPECT AVENUE BRONX NY 10459,"1309, Prospect Avenue, South Bronx, The Bronx, Bronx County, NYC, New York, 10459, USA","(40.8282078888889, -73.8981875555556, 0.0)"
372,569,4160 HYLAN BOULEVARD STATEN ISLAND NY 10308,"4160, Hylan Boulevard, Woods of Arden, Staten Island, Richmond County, NYC, New York, 10308, USA","(40.538476, -74.1491015, 0.0)"
373,570,28 MOTT STREET MANHATTAN NY 10013,"28, Mott Street, Five Points, Little Italy, Manhattan, Manhattan Community Board 2, New York County, NYC, New York, 10013, USA","(40.7146346, -73.9985573682031, 0.0)"
374,573,79 E 7TH ST MANHATTAN NY 10003,"79, East 7th Street, East Village, Manhattan, Manhattan Community Board 3, New York County, NYC, New York, 10003, USA","(40.727378, -73.9862399893979, 0.0)"
375,574,1845 BROADWAY MANHATTAN NY 10023,"Sapphire, 1845, Broadway, Columbus Circle, Manhattan, Manhattan Community Board 7, New York County, NYC, New York, 10023, USA","(40.7693806, -73.9823988, 0.0)"
376,575,121 ESSEX STREET MANHATTAN NY 10002,"121, Essex Street, Lower East Side, Manhattan, Manhattan Community Board 3, New York County, NYC, New York, 10002, USA","(40.7196522, -73.9878929480683, 0.0)"
377,576,2567 STEINWAY STREET QUEENS NY 11103,"Steinway Street, Sunnyside Gardens, Queens County, NYC, New York, NY 11106, USA","(40.7552273, -73.922067, 0.0)"
378,579,13661 ROOSEVELT AVENUE QUEENS NY 11354,"Roosevelt Avenue, Linden Hill, Queens, Queens County, NYC, New York, 11354, USA","(40.7585517, -73.8330277, 0.0)"
379,580,4818 NORTHERN BOULEVARD QUEENS NY 11101,"Northern Boulevard, Sunnyside, Queens County, NYC, New York, 11101, USA","(40.7493411, -73.9365677, 0.0)"
380,581,222 CLINTON AVENUE BROOKLYN NY 11205,"222, Clinton Avenue, Clinton Hill, BK, Kings County, NYC, New York, 11205, USA","(40.6913367, -73.9690064016781, 0.0)"
381,583,657 MYRTLE AVENUE BROOKLYN NY 11205,"657, Myrtle Avenue, Clinton Hill, BK, Kings County, NYC, New York, 11205, USA","(40.69460295, -73.9574611, 0.0)"
382,588,7328 BELL BOULEVARD QUEENS NY 11364,"Bell Boulevard, Oakland Gardens, Queens, Queens County, NYC, New York, 11364, USA","(40.7606943, -73.7695804, 0.0)"
383,592,137 WYCKOFF AVENUE BROOKLYN NY 11237,"137, Wyckoff Avenue, Ridgewood, Kings County, NYC, New York, 11237, USA","(40.7040128, -73.9185351, 0.0)"
384,594,1674 10 AVENUE BROOKLYN NY 11215,"1674, Avenue Y, Gravesend, Kings County, NYC, New York, 11235, USA","(40.5901853500256, -73.9530811643139, 0.0)"
385,595,1305 86 STREET BROOKLYN NY 11228,"86 St, Gravesend, Kings County, NYC, New York, 11223, USA","(40.5906494, -73.975127, 0.0)"
386,596,556 DRIGGS AVENUE BROOKLYN NY 11211,"556, Driggs Avenue, Greenpoint, Kings County, NYC, New York, 11211, USA","(40.7170007, -73.9566278, 0.0)"
387,597,709 LORIMER STREET BROOKLYN NY 11211,"709, Lorimer Street, Greenpoint, Kings County, NYC, New York, 11211, USA","(40.71809255, -73.9502882816778, 0.0)"
388,598,200 MADISON AVENUE MANHATTAN NY 10016,"200 Madison Avenue, 200, Madison Avenue, Midtown South, Manhattan, Manhattan Community Board 5, New York County, NYC, New York, 10016, USA","(40.7488852, -73.9827039003413, 0.0)"
389,601,2025 CHURCH AVENUE BROOKLYN NY 11226,"2025, Church Avenue, Flatbush, BK, Kings County, NYC, New York, 11226, USA","(40.650301, -73.9601161, 0.0)"
390,603,4220 WHITE PLAINS ROAD BRONX NY 10466,"4220, White Plains Road, Wakefield, The Bronx, Bronx County, NYC, New York, 10466, USA","(40.8939948, -73.8568371, 0.0)"
391,606,5602 METROPOLITAN AVENUE QUEENS NY 11385,"Metropolitan Avenue, Middle Village, Queens County, NYC, New York, 11415, USA","(40.7123624, -73.8912961, 0.0)"
392,607,9712 METROPOLITAN AVE QUEENS NY 11375,"Metropolitan Avenue, Ridgewood, Queens County, NYC, New York, 11415, USA","(40.712697, -73.900596, 0.0)"
393,608,3725 MAIN STREET QUEENS NY 11354,"Main Street, Linden Hill, Queens, Queens County, NYC, New York, 11354, USA","(40.7629068, -73.8319907, 0.0)"
394,609,1208 NEPTUNE AVENUE BROOKLYN NY 11224,"1208, Neptune Avenue, West Brighton, Kings County, NYC, New York, 11224, USA","(40.579338010101, -73.9798135858586, 0.0)"
395,610,1758 PITKIN AVENUE BROOKLYN NY 11212,"1758, Pitkin Avenue, Brownsville, BK, Kings County, NYC, New York, 11212, USA","(40.6699687272727, -73.9082702727273, 0.0)"
396,611,3611 KINGSBRIDGE AVENUE BRONX NY 10463,"3611, Kingsbridge Avenue, Kingsbridge, The Bronx, Bronx County, NYC, New York, 10463, USA","(40.8840446363636, -73.9024743737374, 0.0)"
397,612,183 GRAHAM AVENUE BROOKLYN NY 11206,"183, Graham Avenue, Williamsburg Houses, Kings County, NYC, New York, 11206, USA","(40.70830885, -73.9436007374822, 0.0)"
398,613,3706 EAST TREMONT AVENUE BRONX NY 10465,"3706, East Tremont Avenue, Schuylerville, The Bronx, Bronx County, NYC, New York, 10465, USA","(40.82694825, -73.8226765, 0.0)"
399,614,12521 ROCKAWAY BOULEVARD QUEENS NY 11420,"Rockaway Boulevard, South Ozone Park, Queens County, NYC, New York, 11420, USA","(40.676426, -73.821008, 0.0)"
400,615,13131 MERRICK BOULEVARD QUEENS NY 11434,"Merrick Boulevard, Locust Manor, Queens County, NYC, New York, 11422, USA","(40.6891513, -73.7771944, 0.0)"
401,616,13857 QUEENS BOULEVARD QUEENS NY 11435,"13857, Queens Boulevard, Kew Gardens, Queens, Queens County, NYC, New York, 11435, USA","(40.7088565408163, -73.8190406938776, 0.0)"
402,617,8205 NORTHERN BOULEVARD QUEENS NY 11372,"Northern Boulevard, Jackson Heights, Queens County, NYC, New York, 11372, USA","(40.755392, -73.887523, 0.0)"
403,618,41 ST MARKS PLACE MANHATTAN NY 10003,"Cafe Orlin, 41, Saint Mark's Place, East Village, Manhattan, Manhattan Community Board 3, New York County, NYC, New York, 10003, USA","(40.7284998, -73.9870924, 0.0)"
404,619,7311 METROPOLITAN AVENUE QUEENS NY 11379,"Metropolitan Avenue, Middle Village, Queens County, NYC, New York, 11379, USA","(40.7133425, -73.8696292, 0.0)"
405,620,905 MYRTLE AVENUE BROOKLYN NY 11206,"Mike's Pizza, 905, Myrtle Avenue, Bed-Stuy, BK, Kings County, NYC, New York, 11206, USA","(40.6958132, -73.9465644, 0.0)"
406,621,752 NOSTRAND AVENUE BROOKLYN NY 11216,"752, Nostrand Avenue, Brooklyn Community Board 17 Neighborhoods, BK, Kings County, NYC, New York, 11216, USA","(40.67296685, -73.95043735, 0.0)"
407,622,1555 NOSTRAND AVENUE BROOKLYN NY 11226,"1555, Nostrand Avenue, Brooklyn Community Board 17 Neighborhoods, BK, Kings County, NYC, New York, 11226, USA","(40.6479876296296, -73.949160037037, 0.0)"
408,623,2107 BROADWAY QUEENS NY 11106,"Broadway, Astoria, Queens County, NYC, New York, 11373, USA","(40.7620509, -73.9255515, 0.0)"
409,624,5921 RIVERDALE AVENUE BRONX NY 10471,"5921, Riverdale Avenue, Riverdale, Bronx County, NYC, New York, 10471, USA","(40.9073443, -73.904179, 0.0)"
410,626,72 GROVE STREET MANHATTAN NY 10014,"72, Grove Street, West Village, Manhattan, Manhattan Community Board 2, New York County, NYC, New York, 10014, USA","(40.73316395, -74.0027306492236, 0.0)"
411,627,679 9 AVENUE MANHATTAN NY 10036,"Manhattan, New York County, NYC, New York, USA","(40.7900869, -73.9598295, 0.0)"
412,629,1535 BROADWAY MANHATTAN NY 10036,"New York Marriott Marquis, 1535, Broadway, Times Square, Manhattan, Manhattan Community Board 5, New York County, NYC, New York, 10019, USA","(40.7586143, -73.9862046169858, 0.0)"
413,631,5422 ROOSEVELT AVENUE QUEENS NY 11377,"Roosevelt Avenue, Woodside, Queens County, NYC, New York, 11377, USA","(40.744941, -73.909587, 0.0)"
414,633,494 HUDSON STREET MANHATTAN NY 10014,"494, Hudson Street, West Village, Manhattan, Manhattan Community Board 2, New York County, NYC, New York, 10014, USA","(40.73281785, -74.0061940493997, 0.0)"
415,634,656 MORRIS PARK AVENUE BRONX NY 10462,"656, Morris Park Avenue, Van Nest, The Bronx, Bronx County, NYC, New York, 10462, USA","(40.844712, -73.8674264259434, 0.0)"
416,635,26 BROADWAY MANHATTAN NY 10004,"26 Broadway, 26, Broadway, Financial District, Manhattan, Manhattan Community Board 1, New York County, NYC, New York, 10004, USA","(40.7053128, -74.0129107229046, 0.0)"
417,638,25412 NORTHERN BOULEVARD QUEENS NY 11362,"Northern Boulevard, Douglaston, Queens, Queens County, NYC, New York, 11362, USA","(40.7636245, -73.7507934, 0.0)"
418,639,473 BERGEN STREET BROOKLYN NY 11217,"473, Bergen Street, Prospect Heights, BK, Kings County, NYC, New York, 11217, USA","(40.6809513, -73.9747996, 0.0)"
419,640,690 GRAND STREET BROOKLYN NY 11211,"Bahia, 690, Grand Street, Williamsburg, Kings County, NYC, New York, 11211, USA","(40.7113887, -73.9449741, 0.0)"
420,641,3920 BROADWAY MANHATTAN NY 10032,"3920, Broadway, Washington Heights, Manhattan, Manhattan Community Board 12, New York County, NYC, New York, 10032, USA","(40.8385018, -73.9413049, 0.0)"
421,642,368 COLUMBUS AVENUE MANHATTAN NY 10024,"Cafe Frida, 368, Columbus Avenue, Upper West Side, Manhattan, Manhattan Community Board 7, New York County, NYC, New York, 10024, USA","(40.7809719, -73.9764333, 0.0)"
422,643,686 5 AVENUE BROOKLYN NY 11215,"686, Avenue Y, Gravesend, Kings County, NYC, New York, 11235, USA","(40.5891286666667, -73.9626896666667, 0.0)"
423,645,10436 ROCKAWAY BLVD QUEENS NY 11417,"Rockaway Boulevard, Ozone Park, Queens County, NYC, New York, 11417, USA","(40.679862, -73.83883, 0.0)"
424,646,1412 MYRTLE AVENUE BROOKLYN NY 11237,"1412, Myrtle Avenue, Bushwick, Kings County, NYC, New York, 11237, USA","(40.698658, -73.918996, 0.0)"
425,647,1821 KINGS HIGHWAY BROOKLYN NY 11229,"Memo Shish Kebab, 1821, Kings Highway, Midwood, BK, Kings County, NYC, New York, 11229, USA","(40.6103381, -73.9548828, 0.0)"
426,649,1862 NOSTRAND AVE BROOKLYN NY 11226,"1862, Nostrand Avenue, Brooklyn Community Board 17 Neighborhoods, BK, Kings County, NYC, New York, 11226, USA","(40.6402428, -73.9485895, 0.0)"
427,652,20818 CROSS ISLAND PARKWAY QUEENS NY 11360,"Cross Island Parkway, Beechhurst, Queens, Queens County, NYC, New York, 11360, USA","(40.7893483, -73.7860798, 0.0)"
428,654,26 RICHMOND HILL ROAD STATEN ISLAND NY 10314,"26, Richmond Hill Road, Heartland Village, Staten Island, Richmond County, NYC, New York, 10314, USA","(40.5881779, -74.1669099223034, 0.0)"
429,656,7402 ELIOT AVENUE QUEENS NY 11379,"Eliot Avenue, Middle Village, Queens County, NYC, New York, 11379, USA","(40.7223555, -73.8849505, 0.0)"
430,659,873 BROADWAY MANHATTAN NY 10003,"Production Central, 873, Broadway, Flatiron District, Manhattan, Manhattan Community Board 5, New York County, NYC, New York, 10003, USA","(40.7381445, -73.9903777, 0.0)"
431,661,2390 BELL BOULEVARD QUEENS NY 11360,"Bell Boulevard, Oakland Gardens, Queens, Queens County, NYC, New York, 11364, USA","(40.7521662, -73.7638406, 0.0)"
432,662,17150 NORTHERN BOULEVARD QUEENS NY 11358,"Northern Boulevard, Murray Hill, Queens, Queens County, NYC, New York, 11362, USA","(40.7577494, -73.7943852, 0.0)"
433,663,1972 RALPH AVENUE BROOKLYN NY 11236,"1972, Ralph Avenue, Paerdegat, BK, Kings County, NYC, New York, 11234, USA","(40.6292615, -73.9184035, 0.0)"
434,664,854 ARTHUR KILL ROAD STATEN ISLAND NY 10312,"Boston Market, 854, Arthur Kill Road, Greenridge, Staten Island, Richmond County, NYC, New York, 10312, USA","(40.5606329, -74.1687013141924, 0.0)"
435,665,2530 HYLAN BOULEVARD STATEN ISLAND NY 10306,"2530, Hylan Boulevard, New Dorp, Staten Island, Todt Hill, Richmond County, NYC, New York, 10306, USA","(40.56994, -74.110158, 0.0)"
436,667,5124 NORTHERN BOULEVARD QUEENS NY 11377,"Northern Boulevard, Woodside, Queens County, NYC, New York, 11377, USA","(40.7532938, -73.9069106, 0.0)"
437,668,59 CHELSEA PIERS MANHATTAN NY 10011,"Chelsea Piers, Chelsea, Manhattan, Manhattan Community Board 4, New York County, NYC, New York, NY  10011, USA","(40.7469115, -74.0082455, 0.0)"
438,670,177 8 AVENUE MANHATTAN NY 10011,"Manhattan, New York County, NYC, New York, USA","(40.7900869, -73.9598295, 0.0)"
439,671,2920 BROADWAY MANHATTAN NY 10027,"Alfred Lerner Hall, 2920, Broadway, Morningside Heights, Manhattan, Manhattan Community Board 9, New York County, NYC, New York, 10027, USA","(40.8068364, -73.9640100237812, 0.0)"
440,673,1445 RICHMOND AVENUE STATEN ISLAND NY 10314,"1445, Richmond Avenue, Bulls Head, Staten Island, Richmond County, NYC, New York, 10314, USA","(40.6116962, -74.1574815949754, 0.0)"
441,674,1611 AVENUE M BROOKLYN NY 11230,"1611, Avenue M, Midwood, BK, Kings County, NYC, New York, 11230, USA","(40.6182190408163, -73.9588967959184, 0.0)"
442,675,1600 BRUCKNER BOULEVARD BRONX NY 10473,"1600, Bruckner Boulevard, Hunts Point, The Bronx, Bronx County, NYC, New York, 10473, USA","(40.8227426, -73.8738292, 0.0)"
443,676,13515 LEFFERTS BOULEVARD QUEENS NY 11420,"Lefferts Boulevard, South Ozone Park, Queens County, NYC, New York, 11420, USA","(40.6745002, -73.8196414, 0.0)"
444,678,1602 GRAVESEND NECK ROAD BROOKLYN NY 11229,"1602, Gravesend Neck Road, Sheepshead Bay, Kings County, NYC, New York, 11229, USA","(40.5950125, -73.9544406, 0.0)"
445,679,3405 CHURCH AVENUE BROOKLYN NY 11203,"3405, Church Avenue, Brooklyn Community Board 17 Neighborhoods, BK, Kings County, NYC, New York, 11203, USA","(40.65122075, -73.9454305479059, 0.0)"
446,680,221 AVENUE A MANHATTAN NY 10009,"221, Avenue A, East Village, Manhattan, Manhattan Community Board 3, New York County, NYC, New York, 10009, USA","(40.73025215, -73.9808155657355, 0.0)"
447,683,575 HUDSON STREET MANHATTAN NY 10014,"575, Hudson Street, West Village, Manhattan, Manhattan Community Board 2, New York County, NYC, New York, 10014, USA","(40.7361182, -74.0062017020645, 0.0)"
448,685,14612 LIBERTY AVENUE QUEENS NY 11435,"Liberty Avenue, Jamaica, Queens County, NYC, New York, 11435, USA","(40.6958869, -73.8048517, 0.0)"
449,687,559 LORIMER STREET BROOKLYN NY 11211,"559, Lorimer Street, Greenpoint, Kings County, NYC, New York, 11211, USA","(40.7136296, -73.949497165, 0.0)"
450,688,377 SENECA AVENUE QUEENS NY 11385,"377, Seneca Avenue, Ridgewood, Queens County, NYC, New York, 11385, USA","(40.7072176, -73.9147769571502, 0.0)"
451,689,1407 BROADWAY MANHATTAN NY 10018,"1407 Broadway, 1407, Broadway, Times Square, Manhattan, Manhattan Community Board 5, New York County, NYC, New York, 10018, USA","(40.753531, -73.9876248263453, 0.0)"
452,690,215 COURT STREET BROOKLYN NY 11201,"215, Court Street, Cobble Hill Historic District, Kings County, NYC, New York, 11201, USA","(40.68667185, -73.9935438770152, 0.0)"
453,691,77 ST MARKS PLACE MANHATTAN NY 10003,"77, Saint Mark's Place, East Village, Manhattan, Manhattan Community Board 3, New York County, NYC, New York, 10003, USA","(40.72793655, -73.9856216068826, 0.0)"
454,692,81 AVENUE A MANHATTAN NY 10009,"Sing Sing, 81, Avenue A, East Village, Manhattan, Manhattan Community Board 3, New York County, NYC, New York, 10009, USA","(40.7251191, -73.9843896, 0.0)"
455,694,1309 METROPOLITAN AVENUE BRONX NY 10462,"1309, Metropolitan Avenue, Parkchester, The Bronx, Bronx County, NYC, New York, 10462, USA","(40.8341623333333, -73.8610455, 0.0)"
456,695,160 BROADWAY MANHATTAN NY 10038,"160, Broadway, Financial District, Manhattan, Manhattan Community Board 1, New York County, NYC, New York, 10038, USA","(40.70937965, -74.0100296338982, 0.0)"
457,696,917 MANOR ROAD STATEN ISLAND NY 10314,"917, Manor Road, Castleton Corners, Staten Island, Todt Hill, Richmond County, NYC, New York, 10314, USA","(40.60439225, -74.1205629156551, 0.0)"
458,697,129 GATES AVENUE BROOKLYN NY 11238,"129, Gates Avenue, Clinton Hill, BK, Kings County, NYC, New York, 11238, USA","(40.6849008, -73.9629318, 0.0)"
459,698,132 CROSBY STREET MANHATTAN NY 10012,"132, Crosby Street, Crosby St 39-73, SoHo, Manhattan, Manhattan Community Board 2, New York County, NYC, New York, 10012, USA","(40.7247777, -73.996323, 0.0)"
460,699,802-804 KINGS HIGHWAY BROOKLYN NY 11223,"802, Kings Highway, Gravesend, BK, Kings County, NYC, New York, 11223, USA","(40.6064537755102, -73.9644138979592, 0.0)"
